idna_subject,checker_type,destination,source,tested_at,session_id
000webhost.fr,AVAILABILITY,origin.list,origin.list,2022-11-26 05:08:55.622277,bb9b3d4e2681a845668182a6
0169.pm,AVAILABILITY,origin.list,origin.list,2022-11-26 05:08:56.084949,bb9b3d4e2681a845668182a6
000.tf,AVAILABILITY,origin.list,origin.list,2022-11-26 05:08:56.184215,bb9b3d4e2681a845668182a6
0060.pm,AVAILABILITY,origin.list,origin.list,2022-11-26 05:08:56.207599,bb9b3d4e2681a845668182a6
01portable.fr,AVAILABILITY,origin.list,origin.list,2022-11-26 05:08:56.278664,bb9b3d4e2681a845668182a6
0076.pm,AVAILABILITY,origin.list,origin.list,2022-11-26 05:08:56.317352,bb9b3d4e2681a845668182a6
0378.pm,AVAILABILITY,origin.list,origin.list,2022-11-26 05:08:57.471964,bb9b3d4e2681a845668182a6
0217.wf,AVAILABILITY,origin.list,origin.list,2022-11-26 05:08:57.473708,bb9b3d4e2681a845668182a6
0393.pm,AVAILABILITY,origin.list,origin.list,2022-11-26 05:08:57.796903,bb9b3d4e2681a845668182a6
0416.yt,AVAILABILITY,origin.list,origin.list,2022-11-26 05:08:57.848355,bb9b3d4e2681a845668182a6
06.yt,AVAILABILITY,origin.list,origin.list,2022-11-26 05:08:58.135607,bb9b3d4e2681a845668182a6
0orange.fr,AVAILABILITY,origin.list,origin.list,2022-11-26 05:08:58.411496,bb9b3d4e2681a845668182a6
1001paixnidia.fr,AVAILABILITY,origin.list,origin.list,2022-11-26 05:08:58.563221,bb9b3d4e2681a845668182a6
0ranges.fr,AVAILABILITY,origin.list,origin.list,2022-11-26 05:08:58.638373,bb9b3d4e2681a845668182a6
089.pm,AVAILABILITY,origin.list,origin.list,2022-11-26 05:08:58.832412,bb9b3d4e2681a845668182a6
1032.yt,AVAILABILITY,origin.list,origin.list,2022-11-26 05:08:58.861535,bb9b3d4e2681a845668182a6
1099.tf,AVAILABILITY,origin.list,origin.list,2022-11-26 05:08:59.865980,bb9b3d4e2681a845668182a6
1153.yt,AVAILABILITY,origin.list,origin.list,2022-11-26 05:09:00.118155,bb9b3d4e2681a845668182a6
1148.wf,AVAILABILITY,origin.list,origin.list,2022-11-26 05:09:00.123136,bb9b3d4e2681a845668182a6
1177.pm,AVAILABILITY,origin.list,origin.list,2022-11-26 05:09:00.263129,bb9b3d4e2681a845668182a6
1179.wf,AVAILABILITY,origin.list,origin.list,2022-11-26 05:09:00.504647,bb9b3d4e2681a845668182a6
1234love.fr,AVAILABILITY,origin.list,origin.list,2022-11-26 05:09:00.963221,bb9b3d4e2681a845668182a6
123-people.fr,AVAILABILITY,origin.list,origin.list,2022-11-26 05:09:01.596603,bb9b3d4e2681a845668182a6
1314520.paris,AVAILABILITY,origin.list,origin.list,2022-11-26 05:09:03.130205,bb9b3d4e2681a845668182a6
1257.tf,AVAILABILITY,origin.list,origin.list,2022-11-26 05:09:03.304110,bb9b3d4e2681a845668182a6
12333.yt,AVAILABILITY,origin.list,origin.list,2022-11-26 05:09:05.137105,bb9b3d4e2681a845668182a6
1274.yt,AVAILABILITY,origin.list,origin.list,2022-11-26 05:09:11.507554,bb9b3d4e2681a845668182a6
1297.wf,AVAILABILITY,origin.list,origin.list,2022-11-26 05:09:12.055506,bb9b3d4e2681a845668182a6
1315.pm,AVAILABILITY,origin.list,origin.list,2022-11-26 05:09:14.076448,bb9b3d4e2681a845668182a6
1321.pm,AVAILABILITY,origin.list,origin.list,2022-11-26 05:09:14.345645,bb9b3d4e2681a845668182a6
1363.wf,AVAILABILITY,origin.list,origin.list,2022-11-26 05:09:15.494371,bb9b3d4e2681a845668182a6
1343.fr,AVAILABILITY,origin.list,origin.list,2022-11-26 05:09:16.197739,bb9b3d4e2681a845668182a6
1348.yt,AVAILABILITY,origin.list,origin.list,2022-11-26 05:09:22.667906,bb9b3d4e2681a845668182a6
1357.wf,AVAILABILITY,origin.list,origin.list,2022-11-26 05:09:22.982259,bb9b3d4e2681a845668182a6
1362.yt,AVAILABILITY,origin.list,origin.list,2022-11-26 05:09:25.155603,bb9b3d4e2681a845668182a6
1488.pm,AVAILABILITY,origin.list,origin.list,2022-11-26 05:09:25.957965,bb9b3d4e2681a845668182a6
1375.tf,AVAILABILITY,origin.list,origin.list,2022-11-26 05:09:27.122722,bb9b3d4e2681a845668182a6
1499.pm,AVAILABILITY,origin.list,origin.list,2022-11-26 05:09:27.411795,bb9b3d4e2681a845668182a6
1390.yt,AVAILABILITY,origin.list,origin.list,2022-11-26 05:09:27.599448,bb9b3d4e2681a845668182a6
1505.pm,AVAILABILITY,origin.list,origin.list,2022-11-26 05:09:28.492598,bb9b3d4e2681a845668182a6
1508.pm,AVAILABILITY,origin.list,origin.list,2022-11-26 05:09:29.104567,bb9b3d4e2681a845668182a6
1512.pm,AVAILABILITY,origin.list,origin.list,2022-11-26 05:09:30.213820,bb9b3d4e2681a845668182a6
1522.wf,AVAILABILITY,origin.list,origin.list,2022-11-26 05:09:31.168834,bb9b3d4e2681a845668182a6
1524.yt,AVAILABILITY,origin.list,origin.list,2022-11-26 05:09:31.631974,bb9b3d4e2681a845668182a6
1525.tf,AVAILABILITY,origin.list,origin.list,2022-11-26 05:09:32.067261,bb9b3d4e2681a845668182a6
153.wf,AVAILABILITY,origin.list,origin.list,2022-11-26 05:09:32.794082,bb9b3d4e2681a845668182a6
1398.wf,AVAILABILITY,origin.list,origin.list,2022-11-26 05:09:33.769885,bb9b3d4e2681a845668182a6
1558.pm,AVAILABILITY,origin.list,origin.list,2022-11-26 05:09:34.500876,bb9b3d4e2681a845668182a6
1577.wf,AVAILABILITY,origin.list,origin.list,2022-11-26 05:09:35.804214,bb9b3d4e2681a845668182a6
1582.yt,AVAILABILITY,origin.list,origin.list,2022-11-26 05:09:36.600596,bb9b3d4e2681a845668182a6
1584.yt,AVAILABILITY,origin.list,origin.list,2022-11-26 05:09:37.321694,bb9b3d4e2681a845668182a6
1506.yt,AVAILABILITY,origin.list,origin.list,2022-11-26 05:09:38.819632,bb9b3d4e2681a845668182a6
1604.yt,AVAILABILITY,origin.list,origin.list,2022-11-26 05:09:39.022252,bb9b3d4e2681a845668182a6
1608.yt,AVAILABILITY,origin.list,origin.list,2022-11-26 05:09:39.563553,bb9b3d4e2681a845668182a6
1674.yt,AVAILABILITY,origin.list,origin.list,2022-11-26 05:09:42.906851,bb9b3d4e2681a845668182a6
1676.pm,AVAILABILITY,origin.list,origin.list,2022-11-26 05:09:44.569411,bb9b3d4e2681a845668182a6
1568.pm,AVAILABILITY,origin.list,origin.list,2022-11-26 05:09:44.632851,bb9b3d4e2681a845668182a6
1693.pm,AVAILABILITY,origin.list,origin.list,2022-11-26 05:09:45.805466,bb9b3d4e2681a845668182a6
1695.pm,AVAILABILITY,origin.list,origin.list,2022-11-26 05:09:46.949040,bb9b3d4e2681a845668182a6
1727.wf,AVAILABILITY,origin.list,origin.list,2022-11-26 05:09:48.958883,bb9b3d4e2681a845668182a6
1634.wf,AVAILABILITY,origin.list,origin.list,2022-11-26 05:09:49.871537,bb9b3d4e2681a845668182a6
1645.wf,AVAILABILITY,origin.list,origin.list,2022-11-26 05:09:50.494575,bb9b3d4e2681a845668182a6
1634.yt,AVAILABILITY,origin.list,origin.list,2022-11-26 05:09:51.014145,bb9b3d4e2681a845668182a6
1757.pm,AVAILABILITY,origin.list,origin.list,2022-11-26 05:09:54.324745,bb9b3d4e2681a845668182a6
1714.fr,AVAILABILITY,origin.list,origin.list,2022-11-26 05:09:58.085233,bb9b3d4e2681a845668182a6
1796.pm,AVAILABILITY,origin.list,origin.list,2022-11-26 05:09:58.977668,bb9b3d4e2681a845668182a6
1800contacts.fr,AVAILABILITY,origin.list,origin.list,2022-11-26 05:09:59.781721,bb9b3d4e2681a845668182a6
1736.wf,AVAILABILITY,origin.list,origin.list,2022-11-26 05:10:01.681582,bb9b3d4e2681a845668182a6
1756.wf,AVAILABILITY,origin.list,origin.list,2022-11-26 05:10:02.021859,bb9b3d4e2681a845668182a6
1743.yt,AVAILABILITY,origin.list,origin.list,2022-11-26 05:10:02.745548,bb9b3d4e2681a845668182a6
1849.pm,AVAILABILITY,origin.list,origin.list,2022-11-26 05:10:03.803733,bb9b3d4e2681a845668182a6
1830.wf,AVAILABILITY,origin.list,origin.list,2022-11-26 05:10:03.994978,bb9b3d4e2681a845668182a6
1852.yt,AVAILABILITY,origin.list,origin.list,2022-11-26 05:10:04.959444,bb9b3d4e2681a845668182a6
1858.pm,AVAILABILITY,origin.list,origin.list,2022-11-26 05:10:05.436127,bb9b3d4e2681a845668182a6
1863.pm,AVAILABILITY,origin.list,origin.list,2022-11-26 05:10:05.544623,bb9b3d4e2681a845668182a6
1762.yt,AVAILABILITY,origin.list,origin.list,2022-11-26 05:10:05.943469,bb9b3d4e2681a845668182a6
1863.yt,AVAILABILITY,origin.list,origin.list,2022-11-26 05:10:06.386986,bb9b3d4e2681a845668182a6
1875.yt,AVAILABILITY,origin.list,origin.list,2022-11-26 05:10:06.476113,bb9b3d4e2681a845668182a6
1916.tf,AVAILABILITY,origin.list,origin.list,2022-11-26 05:10:08.061535,bb9b3d4e2681a845668182a6
1897.wf,AVAILABILITY,origin.list,origin.list,2022-11-26 05:10:08.176266,bb9b3d4e2681a845668182a6
1922.wf,AVAILABILITY,origin.list,origin.list,2022-11-26 05:10:09.454745,bb9b3d4e2681a845668182a6
1an1.fr,AVAILABILITY,origin.list,origin.list,2022-11-26 05:10:10.625781,bb9b3d4e2681a845668182a6
1appleid-apple.fr,AVAILABILITY,origin.list,origin.list,2022-11-26 05:10:10.994644,bb9b3d4e2681a845668182a6
1825.yt,AVAILABILITY,origin.list,origin.list,2022-11-26 05:10:11.395220,bb9b3d4e2681a845668182a6
1bet.fr,AVAILABILITY,origin.list,origin.list,2022-11-26 05:10:11.823208,bb9b3d4e2681a845668182a6
1827.tf,AVAILABILITY,origin.list,origin.list,2022-11-26 05:10:12.374134,bb9b3d4e2681a845668182a6
1auchan.fr,AVAILABILITY,origin.list,origin.list,2022-11-26 05:10:12.623306,bb9b3d4e2681a845668182a6
1cares.fr,AVAILABILITY,origin.list,origin.list,2022-11-26 05:10:12.925786,bb9b3d4e2681a845668182a6
1kdigital.fr,AVAILABILITY,origin.list,origin.list,2022-11-26 05:10:13.177793,bb9b3d4e2681a845668182a6
1but.fr,AVAILABILITY,origin.list,origin.list,2022-11-26 05:10:13.691255,bb9b3d4e2681a845668182a6
1max2coloriage.fr,AVAILABILITY,origin.list,origin.list,2022-11-26 05:10:14.517149,bb9b3d4e2681a845668182a6
1leroymerlin.fr,AVAILABILITY,origin.list,origin.list,2022-11-26 05:10:14.695975,bb9b3d4e2681a845668182a6
1monespace-lcl.fr,AVAILABILITY,origin.list,origin.list,2022-11-26 05:10:15.002222,bb9b3d4e2681a845668182a6
1lapeyre.fr,AVAILABILITY,origin.list,origin.list,2022-11-26 05:10:15.521667,bb9b3d4e2681a845668182a6
1sale.fr,AVAILABILITY,origin.list,origin.list,2022-11-26 05:10:15.618302,bb9b3d4e2681a845668182a6
1percent.fr,AVAILABILITY,origin.list,origin.list,2022-11-26 05:10:16.064958,bb9b3d4e2681a845668182a6
1870.yt,AVAILABILITY,origin.list,origin.list,2022-11-26 05:10:16.194600,bb9b3d4e2681a845668182a6
20001jeux.fr,AVAILABILITY,origin.list,origin.list,2022-11-26 05:10:17.791730,bb9b3d4e2681a845668182a6
2022-certificat-air.fr,AVAILABILITY,origin.list,origin.list,2022-11-26 05:10:17.794620,bb9b3d4e2681a845668182a6
2013.yt,AVAILABILITY,origin.list,origin.list,2022-11-26 05:10:19.062246,bb9b3d4e2681a845668182a6
1zooplus.fr,AVAILABILITY,origin.list,origin.list,2022-11-26 05:10:19.266175,bb9b3d4e2681a845668182a6
2022-gestion-carte.fr,AVAILABILITY,origin.list,origin.list,2022-11-26 05:10:20.339014,bb9b3d4e2681a845668182a6
2022-gestion-assurance.fr,AVAILABILITY,origin.list,origin.list,2022-11-26 05:10:20.391249,bb9b3d4e2681a845668182a6
2022-paiement-netflix.fr,AVAILABILITY,origin.list,origin.list,2022-11-26 05:10:20.410417,bb9b3d4e2681a845668182a6
2022-ma-carte-assurance.fr,AVAILABILITY,origin.list,origin.list,2022-11-26 05:10:21.096930,bb9b3d4e2681a845668182a6
2040.wf,AVAILABILITY,origin.list,origin.list,2022-11-26 05:10:22.818426,bb9b3d4e2681a845668182a6
2023-ameli.fr,AVAILABILITY,origin.list,origin.list,2022-11-26 05:10:22.879994,bb9b3d4e2681a845668182a6
2042.pm,AVAILABILITY,origin.list,origin.list,2022-11-26 05:10:24.257347,bb9b3d4e2681a845668182a6
2056.yt,AVAILABILITY,origin.list,origin.list,2022-11-26 05:10:24.981257,bb9b3d4e2681a845668182a6
2009.pm,AVAILABILITY,origin.list,origin.list,2022-11-26 05:10:27.505334,bb9b3d4e2681a845668182a6
20inutes.fr,AVAILABILITY,origin.list,origin.list,2022-11-26 05:10:28.330029,bb9b3d4e2681a845668182a6
20linutes.fr,AVAILABILITY,origin.list,origin.list,2022-11-26 05:10:29.221986,bb9b3d4e2681a845668182a6
20miinutes.fr,AVAILABILITY,origin.list,origin.list,2022-11-26 05:10:30.078138,bb9b3d4e2681a845668182a6
20minites.fr,AVAILABILITY,origin.list,origin.list,2022-11-26 05:10:30.932633,bb9b3d4e2681a845668182a6
20mintes.fr,AVAILABILITY,origin.list,origin.list,2022-11-26 05:10:31.640538,bb9b3d4e2681a845668182a6
20minujtes.fr,AVAILABILITY,origin.list,origin.list,2022-11-26 05:10:32.745427,bb9b3d4e2681a845668182a6
20minutrs.fr,AVAILABILITY,origin.list,origin.list,2022-11-26 05:10:32.964645,bb9b3d4e2681a845668182a6
20mionutes.fr,AVAILABILITY,origin.list,origin.list,2022-11-26 05:10:34.103522,bb9b3d4e2681a845668182a6
20mlinutes.fr,AVAILABILITY,origin.list,origin.list,2022-11-26 05:10:34.204972,bb9b3d4e2681a845668182a6
2057.wf,AVAILABILITY,origin.list,origin.list,2022-11-26 05:10:35.173820,bb9b3d4e2681a845668182a6
2122.pm,AVAILABILITY,origin.list,origin.list,2022-11-26 05:10:35.856798,bb9b3d4e2681a845668182a6
2129.wf,AVAILABILITY,origin.list,origin.list,2022-11-26 05:10:36.817871,bb9b3d4e2681a845668182a6
2132.yt,AVAILABILITY,origin.list,origin.list,2022-11-26 05:10:36.922444,bb9b3d4e2681a845668182a6
2073.tf,AVAILABILITY,origin.list,origin.list,2022-11-26 05:10:37.141272,bb9b3d4e2681a845668182a6
2138.pm,AVAILABILITY,origin.list,origin.list,2022-11-26 05:10:38.036740,bb9b3d4e2681a845668182a6
2143.yt,AVAILABILITY,origin.list,origin.list,2022-11-26 05:10:38.244729,bb9b3d4e2681a845668182a6
2150.wf,AVAILABILITY,origin.list,origin.list,2022-11-26 05:10:39.832751,bb9b3d4e2681a845668182a6
2170.tf,AVAILABILITY,origin.list,origin.list,2022-11-26 05:10:41.008958,bb9b3d4e2681a845668182a6
2031.wf,AVAILABILITY,origin.list,origin.list,2022-11-26 05:10:41.058914,bb9b3d4e2681a845668182a6
2147.tf,AVAILABILITY,origin.list,origin.list,2022-11-26 05:10:48.313961,bb9b3d4e2681a845668182a6
2157.yt,AVAILABILITY,origin.list,origin.list,2022-11-26 05:10:49.785488,bb9b3d4e2681a845668182a6
2211.yt,AVAILABILITY,origin.list,origin.list,2022-11-26 05:10:51.808269,bb9b3d4e2681a845668182a6
2183.yt,AVAILABILITY,origin.list,origin.list,2022-11-26 05:10:52.320844,bb9b3d4e2681a845668182a6
2173.yt,AVAILABILITY,origin.list,origin.list,2022-11-26 05:10:52.788222,bb9b3d4e2681a845668182a6
2230.pm,AVAILABILITY,origin.list,origin.list,2022-11-26 05:10:54.327154,bb9b3d4e2681a845668182a6
2232.wf,AVAILABILITY,origin.list,origin.list,2022-11-26 05:10:54.332641,bb9b3d4e2681a845668182a6
2237.wf,AVAILABILITY,origin.list,origin.list,2022-11-26 05:10:54.836123,bb9b3d4e2681a845668182a6
2259.wf,AVAILABILITY,origin.list,origin.list,2022-11-26 05:10:57.043144,bb9b3d4e2681a845668182a6
2260.yt,AVAILABILITY,origin.list,origin.list,2022-11-26 05:10:57.204462,bb9b3d4e2681a845668182a6
2145.wf,AVAILABILITY,origin.list,origin.list,2022-11-26 05:10:58.480699,bb9b3d4e2681a845668182a6
2289.pm,AVAILABILITY,origin.list,origin.list,2022-11-26 05:10:58.904584,bb9b3d4e2681a845668182a6
2184.yt,AVAILABILITY,origin.list,origin.list,2022-11-26 05:10:59.547403,bb9b3d4e2681a845668182a6
2316.pm,AVAILABILITY,origin.list,origin.list,2022-11-26 05:11:00.579767,bb9b3d4e2681a845668182a6
2349.yt,AVAILABILITY,origin.list,origin.list,2022-11-26 05:11:01.951185,bb9b3d4e2681a845668182a6
234.wf,AVAILABILITY,origin.list,origin.list,2022-11-26 05:11:02.216785,bb9b3d4e2681a845668182a6
2354.yt,AVAILABILITY,origin.list,origin.list,2022-11-26 05:11:03.420734,bb9b3d4e2681a845668182a6
2371.pm,AVAILABILITY,origin.list,origin.list,2022-11-26 05:11:04.700715,bb9b3d4e2681a845668182a6
2265.wf,AVAILABILITY,origin.list,origin.list,2022-11-26 05:11:05.942621,bb9b3d4e2681a845668182a6
2275.wf,AVAILABILITY,origin.list,origin.list,2022-11-26 05:11:09.023189,bb9b3d4e2681a845668182a6
237online.fr,AVAILABILITY,origin.list,origin.list,2022-11-26 05:11:09.922174,bb9b3d4e2681a845668182a6
2331.wf,AVAILABILITY,origin.list,origin.list,2022-11-26 05:11:10.913508,bb9b3d4e2681a845668182a6
2381.pm,AVAILABILITY,origin.list,origin.list,2022-11-26 05:11:11.449467,bb9b3d4e2681a845668182a6
2399.pm,AVAILABILITY,origin.list,origin.list,2022-11-26 05:11:12.777876,bb9b3d4e2681a845668182a6
23.wf,AVAILABILITY,origin.list,origin.list,2022-11-26 05:11:12.882837,bb9b3d4e2681a845668182a6
2361.wf,AVAILABILITY,origin.list,origin.list,2022-11-26 05:11:13.042156,bb9b3d4e2681a845668182a6
2432.yt,AVAILABILITY,origin.list,origin.list,2022-11-26 05:11:14.000039,bb9b3d4e2681a845668182a6
23.yt,AVAILABILITY,origin.list,origin.list,2022-11-26 05:11:14.641257,bb9b3d4e2681a845668182a6
247blinds.fr,AVAILABILITY,origin.list,origin.list,2022-11-26 05:11:14.924480,bb9b3d4e2681a845668182a6
2477.tf,AVAILABILITY,origin.list,origin.list,2022-11-26 05:11:14.946065,bb9b3d4e2681a845668182a6
2373.yt,AVAILABILITY,origin.list,origin.list,2022-11-26 05:11:16.287762,bb9b3d4e2681a845668182a6
24minutes.fr,AVAILABILITY,origin.list,origin.list,2022-11-26 05:11:17.065110,bb9b3d4e2681a845668182a6
2375.yt,AVAILABILITY,origin.list,origin.list,2022-11-26 05:11:17.449536,bb9b3d4e2681a845668182a6
2498.pm,AVAILABILITY,origin.list,origin.list,2022-11-26 05:11:17.567083,bb9b3d4e2681a845668182a6
2509.pm,AVAILABILITY,origin.list,origin.list,2022-11-26 05:11:18.235497,bb9b3d4e2681a845668182a6
2560.paris,AVAILABILITY,origin.list,origin.list,2022-11-26 05:11:18.942902,bb9b3d4e2681a845668182a6
25630.paris,AVAILABILITY,origin.list,origin.list,2022-11-26 05:11:19.083739,bb9b3d4e2681a845668182a6
2515.wf,AVAILABILITY,origin.list,origin.list,2022-11-26 05:11:19.181008,bb9b3d4e2681a845668182a6
2580.pm,AVAILABILITY,origin.list,origin.list,2022-11-26 05:11:20.066982,bb9b3d4e2681a845668182a6
2582.wf,AVAILABILITY,origin.list,origin.list,2022-11-26 05:11:21.318113,bb9b3d4e2681a845668182a6
25865.paris,AVAILABILITY,origin.list,origin.list,2022-11-26 05:11:22.662171,bb9b3d4e2681a845668182a6
2503.fr,AVAILABILITY,origin.list,origin.list,2022-11-26 05:11:26.786728,bb9b3d4e2681a845668182a6
2518.yt,AVAILABILITY,origin.list,origin.list,2022-11-26 05:11:29.010609,bb9b3d4e2681a845668182a6
2571.yt,AVAILABILITY,origin.list,origin.list,2022-11-26 05:11:29.648788,bb9b3d4e2681a845668182a6
2573.yt,AVAILABILITY,origin.list,origin.list,2022-11-26 05:11:30.081626,bb9b3d4e2681a845668182a6
2626.wf,AVAILABILITY,origin.list,origin.list,2022-11-26 05:11:30.630810,bb9b3d4e2681a845668182a6
2630.yt,AVAILABILITY,origin.list,origin.list,2022-11-26 05:11:31.381096,bb9b3d4e2681a845668182a6
2607.wf,AVAILABILITY,origin.list,origin.list,2022-11-26 05:11:33.475055,bb9b3d4e2681a845668182a6
2698.wf,AVAILABILITY,origin.list,origin.list,2022-11-26 05:11:35.656969,bb9b3d4e2681a845668182a6
2610.yt,AVAILABILITY,origin.list,origin.list,2022-11-26 05:11:37.861681,bb9b3d4e2681a845668182a6
26.tf,AVAILABILITY,origin.list,origin.list,2022-11-26 05:11:38.109679,bb9b3d4e2681a845668182a6
2736.yt,AVAILABILITY,origin.list,origin.list,2022-11-26 05:11:39.907164,bb9b3d4e2681a845668182a6
2789.yt,AVAILABILITY,origin.list,origin.list,2022-11-26 05:11:41.148067,bb9b3d4e2681a845668182a6
2632.pm,AVAILABILITY,origin.list,origin.list,2022-11-26 05:11:41.385714,bb9b3d4e2681a845668182a6
2680.wf,AVAILABILITY,origin.list,origin.list,2022-11-26 05:11:41.738228,bb9b3d4e2681a845668182a6
2683.wf,AVAILABILITY,origin.list,origin.list,2022-11-26 05:11:42.339732,bb9b3d4e2681a845668182a6
2796.pm,AVAILABILITY,origin.list,origin.list,2022-11-26 05:11:42.508760,bb9b3d4e2681a845668182a6
2873.pm,AVAILABILITY,origin.list,origin.list,2022-11-26 05:11:45.244761,bb9b3d4e2681a845668182a6
2857.yt,AVAILABILITY,origin.list,origin.list,2022-11-26 05:11:45.275348,bb9b3d4e2681a845668182a6
2889.wf,AVAILABILITY,origin.list,origin.list,2022-11-26 05:11:48.843709,bb9b3d4e2681a845668182a6
2763.yt,AVAILABILITY,origin.list,origin.list,2022-11-26 05:11:49.973902,bb9b3d4e2681a845668182a6
2949.wf,AVAILABILITY,origin.list,origin.list,2022-11-26 05:11:50.945824,bb9b3d4e2681a845668182a6
2835.yt,AVAILABILITY,origin.list,origin.list,2022-11-26 05:11:52.634086,bb9b3d4e2681a845668182a6
2960.pm,AVAILABILITY,origin.list,origin.list,2022-11-26 05:11:52.732437,bb9b3d4e2681a845668182a6
2855.wf,AVAILABILITY,origin.list,origin.list,2022-11-26 05:11:52.915377,bb9b3d4e2681a845668182a6
2974.pm,AVAILABILITY,origin.list,origin.list,2022-11-26 05:11:53.790964,bb9b3d4e2681a845668182a6
2doapp.fr,AVAILABILITY,origin.list,origin.list,2022-11-26 05:11:55.206145,bb9b3d4e2681a845668182a6
2lemonde.fr,AVAILABILITY,origin.list,origin.list,2022-11-26 05:11:55.508064,bb9b3d4e2681a845668182a6
2m-mobilier-bureau.fr,AVAILABILITY,origin.list,origin.list,2022-11-26 05:11:56.419522,bb9b3d4e2681a845668182a6
2ominutes.fr,AVAILABILITY,origin.list,origin.list,2022-11-26 05:11:57.702994,bb9b3d4e2681a845668182a6
2918.fr,AVAILABILITY,origin.list,origin.list,2022-11-26 05:11:57.863740,bb9b3d4e2681a845668182a6
2roueselectrique.fr,AVAILABILITY,origin.list,origin.list,2022-11-26 05:11:58.335682,bb9b3d4e2681a845668182a6
3059.pm,AVAILABILITY,origin.list,origin.list,2022-11-26 05:11:59.573380,bb9b3d4e2681a845668182a6
2989.yt,AVAILABILITY,origin.list,origin.list,2022-11-26 05:12:04.549118,bb9b3d4e2681a845668182a6
3075.pm,AVAILABILITY,origin.list,origin.list,2022-11-26 05:12:05.229601,bb9b3d4e2681a845668182a6
3015.yt,AVAILABILITY,origin.list,origin.list,2022-11-26 05:12:08.456747,bb9b3d4e2681a845668182a6
3026.yt,AVAILABILITY,origin.list,origin.list,2022-11-26 05:12:09.201622,bb9b3d4e2681a845668182a6
3088.pm,AVAILABILITY,origin.list,origin.list,2022-11-26 05:12:09.590593,bb9b3d4e2681a845668182a6
3051.yt,AVAILABILITY,origin.list,origin.list,2022-11-26 05:12:09.986729,bb9b3d4e2681a845668182a6
3136.pm,AVAILABILITY,origin.list,origin.list,2022-11-26 05:12:11.121139,bb9b3d4e2681a845668182a6
3083.wf,AVAILABILITY,origin.list,origin.list,2022-11-26 05:12:15.875589,bb9b3d4e2681a845668182a6
3151.wf,AVAILABILITY,origin.list,origin.list,2022-11-26 05:12:18.486275,bb9b3d4e2681a845668182a6
3156.pm,AVAILABILITY,origin.list,origin.list,2022-11-26 05:12:20.513748,bb9b3d4e2681a845668182a6
3136.fr,AVAILABILITY,origin.list,origin.list,2022-11-26 05:12:20.909924,bb9b3d4e2681a845668182a6
3147.fr,AVAILABILITY,origin.list,origin.list,2022-11-26 05:12:21.111329,bb9b3d4e2681a845668182a6
3073.tf,AVAILABILITY,origin.list,origin.list,2022-11-26 05:12:21.643164,bb9b3d4e2681a845668182a6
3158.pm,AVAILABILITY,origin.list,origin.list,2022-11-26 05:12:22.052399,bb9b3d4e2681a845668182a6
3150.wf,AVAILABILITY,origin.list,origin.list,2022-11-26 05:12:22.149642,bb9b3d4e2681a845668182a6
3157.yt,AVAILABILITY,origin.list,origin.list,2022-11-26 05:12:22.585067,bb9b3d4e2681a845668182a6
315i.paris,AVAILABILITY,origin.list,origin.list,2022-11-26 05:12:23.952205,bb9b3d4e2681a845668182a6
3158.yt,AVAILABILITY,origin.list,origin.list,2022-11-26 05:12:24.128814,bb9b3d4e2681a845668182a6
31609.pm,AVAILABILITY,origin.list,origin.list,2022-11-26 05:12:24.695217,bb9b3d4e2681a845668182a6
3165.pm,AVAILABILITY,origin.list,origin.list,2022-11-26 05:12:26.062861,bb9b3d4e2681a845668182a6
3168.pm,AVAILABILITY,origin.list,origin.list,2022-11-26 05:12:26.135023,bb9b3d4e2681a845668182a6
3169.pm,AVAILABILITY,origin.list,origin.list,2022-11-26 05:12:26.355946,bb9b3d4e2681a845668182a6
3176.pm,AVAILABILITY,origin.list,origin.list,2022-11-26 05:12:27.524250,bb9b3d4e2681a845668182a6
3176.yt,AVAILABILITY,origin.list,origin.list,2022-11-26 05:12:28.082279,bb9b3d4e2681a845668182a6
3177.wf,AVAILABILITY,origin.list,origin.list,2022-11-26 05:12:28.109234,bb9b3d4e2681a845668182a6
3180.pm,AVAILABILITY,origin.list,origin.list,2022-11-26 05:12:29.412227,bb9b3d4e2681a845668182a6
3158.wf,AVAILABILITY,origin.list,origin.list,2022-11-26 05:12:32.684379,bb9b3d4e2681a845668182a6
3160.yt,AVAILABILITY,origin.list,origin.list,2022-11-26 05:12:34.872178,bb9b3d4e2681a845668182a6
3195.wf,AVAILABILITY,origin.list,origin.list,2022-11-26 05:12:39.315318,bb9b3d4e2681a845668182a6
3184.yt,AVAILABILITY,origin.list,origin.list,2022-11-26 05:12:40.191438,bb9b3d4e2681a845668182a6
3221.yt,AVAILABILITY,origin.list,origin.list,2022-11-26 05:12:40.622320,bb9b3d4e2681a845668182a6
3195.yt,AVAILABILITY,origin.list,origin.list,2022-11-26 05:12:41.095074,bb9b3d4e2681a845668182a6
3232.wf,AVAILABILITY,origin.list,origin.list,2022-11-26 05:12:41.362315,bb9b3d4e2681a845668182a6
3245.pm,AVAILABILITY,origin.list,origin.list,2022-11-26 05:12:41.734494,bb9b3d4e2681a845668182a6
32563.paris,AVAILABILITY,origin.list,origin.list,2022-11-26 05:12:42.134817,bb9b3d4e2681a845668182a6
31i1.paris,AVAILABILITY,origin.list,origin.list,2022-11-26 05:12:43.527127,bb9b3d4e2681a845668182a6
3269.pm,AVAILABILITY,origin.list,origin.list,2022-11-26 05:12:44.066680,bb9b3d4e2681a845668182a6
31tf.yt,AVAILABILITY,origin.list,origin.list,2022-11-26 05:12:46.265565,bb9b3d4e2681a845668182a6
3265.yt,AVAILABILITY,origin.list,origin.list,2022-11-26 05:12:53.111181,bb9b3d4e2681a845668182a6
3268.yt,AVAILABILITY,origin.list,origin.list,2022-11-26 05:12:54.259471,bb9b3d4e2681a845668182a6
328.wf,AVAILABILITY,origin.list,origin.list,2022-11-26 05:12:54.698355,bb9b3d4e2681a845668182a6
3270.wf,AVAILABILITY,origin.list,origin.list,2022-11-26 05:12:54.853516,bb9b3d4e2681a845668182a6
3275.yt,AVAILABILITY,origin.list,origin.list,2022-11-26 05:12:56.022889,bb9b3d4e2681a845668182a6
3300.wf,AVAILABILITY,origin.list,origin.list,2022-11-26 05:12:56.165006,bb9b3d4e2681a845668182a6
3336.pm,AVAILABILITY,origin.list,origin.list,2022-11-26 05:12:57.585395,bb9b3d4e2681a845668182a6
3337.pm,AVAILABILITY,origin.list,origin.list,2022-11-26 05:12:57.771151,bb9b3d4e2681a845668182a6
3317.pm,AVAILABILITY,origin.list,origin.list,2022-11-26 05:12:57.896964,bb9b3d4e2681a845668182a6
3286.yt,AVAILABILITY,origin.list,origin.list,2022-11-26 05:12:57.951751,bb9b3d4e2681a845668182a6
3345.pm,AVAILABILITY,origin.list,origin.list,2022-11-26 05:12:59.218957,bb9b3d4e2681a845668182a6
3361.pm,AVAILABILITY,origin.list,origin.list,2022-11-26 05:12:59.399813,bb9b3d4e2681a845668182a6
3361.wf,AVAILABILITY,origin.list,origin.list,2022-11-26 05:12:59.597133,bb9b3d4e2681a845668182a6
3355.yt,AVAILABILITY,origin.list,origin.list,2022-11-26 05:13:00.227156,bb9b3d4e2681a845668182a6
3364.yt,AVAILABILITY,origin.list,origin.list,2022-11-26 05:13:01.563815,bb9b3d4e2681a845668182a6
3411.yt,AVAILABILITY,origin.list,origin.list,2022-11-26 05:13:02.900347,bb9b3d4e2681a845668182a6
3398.pm,AVAILABILITY,origin.list,origin.list,2022-11-26 05:13:02.900969,bb9b3d4e2681a845668182a6
3389.wf,AVAILABILITY,origin.list,origin.list,2022-11-26 05:13:03.022413,bb9b3d4e2681a845668182a6
3424.pm,AVAILABILITY,origin.list,origin.list,2022-11-26 05:13:03.952134,bb9b3d4e2681a845668182a6
3362.wf,AVAILABILITY,origin.list,origin.list,2022-11-26 05:13:09.914799,bb9b3d4e2681a845668182a6
3505.wf,AVAILABILITY,origin.list,origin.list,2022-11-26 05:13:11.967161,bb9b3d4e2681a845668182a6
3506.pm,AVAILABILITY,origin.list,origin.list,2022-11-26 05:13:13.812931,bb9b3d4e2681a845668182a6
3432.pm,AVAILABILITY,origin.list,origin.list,2022-11-26 05:13:14.061652,bb9b3d4e2681a845668182a6
3456.wf,AVAILABILITY,origin.list,origin.list,2022-11-26 05:13:14.656055,bb9b3d4e2681a845668182a6
3460.yt,AVAILABILITY,origin.list,origin.list,2022-11-26 05:13:15.137706,bb9b3d4e2681a845668182a6
3472.fr,AVAILABILITY,origin.list,origin.list,2022-11-26 05:13:15.486929,bb9b3d4e2681a845668182a6
3511.pm,AVAILABILITY,origin.list,origin.list,2022-11-26 05:13:16.219052,bb9b3d4e2681a845668182a6
3520.yt,AVAILABILITY,origin.list,origin.list,2022-11-26 05:13:16.814220,bb9b3d4e2681a845668182a6
3542.pm,AVAILABILITY,origin.list,origin.list,2022-11-26 05:13:18.146216,bb9b3d4e2681a845668182a6
3579.pm,AVAILABILITY,origin.list,origin.list,2022-11-26 05:13:18.398824,bb9b3d4e2681a845668182a6
3572.pm,AVAILABILITY,origin.list,origin.list,2022-11-26 05:13:18.626365,bb9b3d4e2681a845668182a6
3579.yt,AVAILABILITY,origin.list,origin.list,2022-11-26 05:13:20.981146,bb9b3d4e2681a845668182a6
3599.pm,AVAILABILITY,origin.list,origin.list,2022-11-26 05:13:21.432046,bb9b3d4e2681a845668182a6
3545.pm,AVAILABILITY,origin.list,origin.list,2022-11-26 05:13:27.036110,bb9b3d4e2681a845668182a6
35585.yt,AVAILABILITY,origin.list,origin.list,2022-11-26 05:13:28.074620,bb9b3d4e2681a845668182a6
3586.fr,AVAILABILITY,origin.list,origin.list,2022-11-26 05:13:30.345369,bb9b3d4e2681a845668182a6
3628.yt,AVAILABILITY,origin.list,origin.list,2022-11-26 05:13:32.048157,bb9b3d4e2681a845668182a6
3602.yt,AVAILABILITY,origin.list,origin.list,2022-11-26 05:13:32.578052,bb9b3d4e2681a845668182a6
3614.wf,AVAILABILITY,origin.list,origin.list,2022-11-26 05:13:33.395854,bb9b3d4e2681a845668182a6
3629.pm,AVAILABILITY,origin.list,origin.list,2022-11-26 05:13:34.706888,bb9b3d4e2681a845668182a6
3620.yt,AVAILABILITY,origin.list,origin.list,2022-11-26 05:13:39.773968,bb9b3d4e2681a845668182a6
3660.wf,AVAILABILITY,origin.list,origin.list,2022-11-26 05:13:41.101498,bb9b3d4e2681a845668182a6
3650.yt,AVAILABILITY,origin.list,origin.list,2022-11-26 05:13:45.653604,bb9b3d4e2681a845668182a6
3648.pm,AVAILABILITY,origin.list,origin.list,2022-11-26 05:13:45.783543,bb9b3d4e2681a845668182a6
3693.pm,AVAILABILITY,origin.list,origin.list,2022-11-26 05:13:47.911339,bb9b3d4e2681a845668182a6
3696.pm,AVAILABILITY,origin.list,origin.list,2022-11-26 05:13:48.193872,bb9b3d4e2681a845668182a6
3626.wf,AVAILABILITY,origin.list,origin.list,2022-11-26 05:13:49.681724,bb9b3d4e2681a845668182a6
3699.pm,AVAILABILITY,origin.list,origin.list,2022-11-26 05:13:49.937424,bb9b3d4e2681a845668182a6
36.wf,AVAILABILITY,origin.list,origin.list,2022-11-26 05:13:51.031191,bb9b3d4e2681a845668182a6
3632.wf,AVAILABILITY,origin.list,origin.list,2022-11-26 05:13:51.603668,bb9b3d4e2681a845668182a6
3682.wf,AVAILABILITY,origin.list,origin.list,2022-11-26 05:13:52.413133,bb9b3d4e2681a845668182a6
3724.yt,AVAILABILITY,origin.list,origin.list,2022-11-26 05:13:54.224468,bb9b3d4e2681a845668182a6
3725.pm,AVAILABILITY,origin.list,origin.list,2022-11-26 05:13:54.328057,bb9b3d4e2681a845668182a6
3725.wf,AVAILABILITY,origin.list,origin.list,2022-11-26 05:13:54.424208,bb9b3d4e2681a845668182a6
3736.pm,AVAILABILITY,origin.list,origin.list,2022-11-26 05:13:55.763499,bb9b3d4e2681a845668182a6
3733.pm,AVAILABILITY,origin.list,origin.list,2022-11-26 05:13:55.969453,bb9b3d4e2681a845668182a6
3750.pm,AVAILABILITY,origin.list,origin.list,2022-11-26 05:13:58.742296,bb9b3d4e2681a845668182a6
3719.fr,AVAILABILITY,origin.list,origin.list,2022-11-26 05:14:01.788867,bb9b3d4e2681a845668182a6
3742.fr,AVAILABILITY,origin.list,origin.list,2022-11-26 05:14:02.589574,bb9b3d4e2681a845668182a6
3769.pm,AVAILABILITY,origin.list,origin.list,2022-11-26 05:14:03.516271,bb9b3d4e2681a845668182a6
3762.yt,AVAILABILITY,origin.list,origin.list,2022-11-26 05:14:04.008522,bb9b3d4e2681a845668182a6
3790.tf,AVAILABILITY,origin.list,origin.list,2022-11-26 05:14:05.061608,bb9b3d4e2681a845668182a6
3799.pm,AVAILABILITY,origin.list,origin.list,2022-11-26 05:14:06.808265,bb9b3d4e2681a845668182a6
3816.pm,AVAILABILITY,origin.list,origin.list,2022-11-26 05:14:08.125017,bb9b3d4e2681a845668182a6
3751.yt,AVAILABILITY,origin.list,origin.list,2022-11-26 05:14:08.791001,bb9b3d4e2681a845668182a6
3817.pm,AVAILABILITY,origin.list,origin.list,2022-11-26 05:14:09.131465,bb9b3d4e2681a845668182a6
3762.tf,AVAILABILITY,origin.list,origin.list,2022-11-26 05:14:10.982157,bb9b3d4e2681a845668182a6
3702.tf,AVAILABILITY,origin.list,origin.list,2022-11-26 05:14:11.572040,bb9b3d4e2681a845668182a6
3825.yt,AVAILABILITY,origin.list,origin.list,2022-11-26 05:14:11.591454,bb9b3d4e2681a845668182a6
3878.pm,AVAILABILITY,origin.list,origin.list,2022-11-26 05:14:13.669248,bb9b3d4e2681a845668182a6
3914.wf,AVAILABILITY,origin.list,origin.list,2022-11-26 05:14:15.231819,bb9b3d4e2681a845668182a6
3793.wf,AVAILABILITY,origin.list,origin.list,2022-11-26 05:14:15.903648,bb9b3d4e2681a845668182a6
3986.wf,AVAILABILITY,origin.list,origin.list,2022-11-26 05:14:18.447796,bb9b3d4e2681a845668182a6
3ac-poitiers.fr,AVAILABILITY,origin.list,origin.list,2022-11-26 05:14:20.338710,bb9b3d4e2681a845668182a6
3836.wf,AVAILABILITY,origin.list,origin.list,2022-11-26 05:14:20.875891,bb9b3d4e2681a845668182a6
3dpaysecurefacturation.fr,AVAILABILITY,origin.list,origin.list,2022-11-26 05:14:22.585891,bb9b3d4e2681a845668182a6
3852.wf,AVAILABILITY,origin.list,origin.list,2022-11-26 05:14:22.619314,bb9b3d4e2681a845668182a6
3886.wf,AVAILABILITY,origin.list,origin.list,2022-11-26 05:14:23.687456,bb9b3d4e2681a845668182a6
3movs.fr,AVAILABILITY,origin.list,origin.list,2022-11-26 05:14:23.931927,bb9b3d4e2681a845668182a6
3mfrances.fr,AVAILABILITY,origin.list,origin.list,2022-11-26 05:14:24.005472,bb9b3d4e2681a845668182a6
3suisss.fr,AVAILABILITY,origin.list,origin.list,2022-11-26 05:14:25.261557,bb9b3d4e2681a845668182a6
3suissses.fr,AVAILABILITY,origin.list,origin.list,2022-11-26 05:14:25.702664,bb9b3d4e2681a845668182a6
3suisees.fr,AVAILABILITY,origin.list,origin.list,2022-11-26 05:14:26.576896,bb9b3d4e2681a845668182a6
4024.pm,AVAILABILITY,origin.list,origin.list,2022-11-26 05:14:27.205673,bb9b3d4e2681a845668182a6
3dbourso.fr,AVAILABILITY,origin.list,origin.list,2022-11-26 05:14:27.229993,bb9b3d4e2681a845668182a6
3959.yt,AVAILABILITY,origin.list,origin.list,2022-11-26 05:14:27.271661,bb9b3d4e2681a845668182a6
4153.pm,AVAILABILITY,origin.list,origin.list,2022-11-26 05:14:30.856056,bb9b3d4e2681a845668182a6
4185.pm,AVAILABILITY,origin.list,origin.list,2022-11-26 05:14:33.500340,bb9b3d4e2681a845668182a6
4189.pm,AVAILABILITY,origin.list,origin.list,2022-11-26 05:14:36.165539,bb9b3d4e2681a845668182a6
41.wf,AVAILABILITY,origin.list,origin.list,2022-11-26 05:14:38.407252,bb9b3d4e2681a845668182a6
4087.yt,AVAILABILITY,origin.list,origin.list,2022-11-26 05:14:38.463663,bb9b3d4e2681a845668182a6
4049.wf,AVAILABILITY,origin.list,origin.list,2022-11-26 05:14:38.883308,bb9b3d4e2681a845668182a6
4228.wf,AVAILABILITY,origin.list,origin.list,2022-11-26 05:14:40.058131,bb9b3d4e2681a845668182a6
4171.yt,AVAILABILITY,origin.list,origin.list,2022-11-26 05:14:40.549176,bb9b3d4e2681a845668182a6
4248.tf,AVAILABILITY,origin.list,origin.list,2022-11-26 05:14:40.693582,bb9b3d4e2681a845668182a6
4261.tf,AVAILABILITY,origin.list,origin.list,2022-11-26 05:14:42.870398,bb9b3d4e2681a845668182a6
4272.wf,AVAILABILITY,origin.list,origin.list,2022-11-26 05:14:43.276454,bb9b3d4e2681a845668182a6
42ll.fr,AVAILABILITY,origin.list,origin.list,2022-11-26 05:14:43.823112,bb9b3d4e2681a845668182a6
4310.yt,AVAILABILITY,origin.list,origin.list,2022-11-26 05:14:44.534315,bb9b3d4e2681a845668182a6
4037.wf,AVAILABILITY,origin.list,origin.list,2022-11-26 05:14:44.934893,bb9b3d4e2681a845668182a6
4457.pm,AVAILABILITY,origin.list,origin.list,2022-11-26 05:14:48.602557,bb9b3d4e2681a845668182a6
4257.yt,AVAILABILITY,origin.list,origin.list,2022-11-26 05:14:50.569838,bb9b3d4e2681a845668182a6
4480.wf,AVAILABILITY,origin.list,origin.list,2022-11-26 05:14:51.381623,bb9b3d4e2681a845668182a6
4537.pm,AVAILABILITY,origin.list,origin.list,2022-11-26 05:14:53.418125,bb9b3d4e2681a845668182a6
4550.yt,AVAILABILITY,origin.list,origin.list,2022-11-26 05:14:56.252741,bb9b3d4e2681a845668182a6
4331.yt,AVAILABILITY,origin.list,origin.list,2022-11-26 05:14:56.545926,bb9b3d4e2681a845668182a6
4429.wf,AVAILABILITY,origin.list,origin.list,2022-11-26 05:14:57.953674,bb9b3d4e2681a845668182a6
4449.wf,AVAILABILITY,origin.list,origin.list,2022-11-26 05:14:58.128354,bb9b3d4e2681a845668182a6
4561.yt,AVAILABILITY,origin.list,origin.list,2022-11-26 05:14:58.272593,bb9b3d4e2681a845668182a6
4612.yt,AVAILABILITY,origin.list,origin.list,2022-11-26 05:14:59.783365,bb9b3d4e2681a845668182a6
4621.pm,AVAILABILITY,origin.list,origin.list,2022-11-26 05:15:00.754092,bb9b3d4e2681a845668182a6
4623.wf,AVAILABILITY,origin.list,origin.list,2022-11-26 05:15:03.776421,bb9b3d4e2681a845668182a6
4517.pm,AVAILABILITY,origin.list,origin.list,2022-11-26 05:15:04.110430,bb9b3d4e2681a845668182a6
4631.pm,AVAILABILITY,origin.list,origin.list,2022-11-26 05:15:07.080813,bb9b3d4e2681a845668182a6
4632.yt,AVAILABILITY,origin.list,origin.list,2022-11-26 05:15:07.331053,bb9b3d4e2681a845668182a6
4570.yt,AVAILABILITY,origin.list,origin.list,2022-11-26 05:15:07.969800,bb9b3d4e2681a845668182a6
4682.pm,AVAILABILITY,origin.list,origin.list,2022-11-26 05:15:09.945854,bb9b3d4e2681a845668182a6
4616.wf,AVAILABILITY,origin.list,origin.list,2022-11-26 05:15:10.869918,bb9b3d4e2681a845668182a6
4625.fr,AVAILABILITY,origin.list,origin.list,2022-11-26 05:15:12.556100,bb9b3d4e2681a845668182a6
4687.yt,AVAILABILITY,origin.list,origin.list,2022-11-26 05:15:13.061145,bb9b3d4e2681a845668182a6
4685.pm,AVAILABILITY,origin.list,origin.list,2022-11-26 05:15:13.476771,bb9b3d4e2681a845668182a6
4696.wf,AVAILABILITY,origin.list,origin.list,2022-11-26 05:15:15.342084,bb9b3d4e2681a845668182a6
4703.pm,AVAILABILITY,origin.list,origin.list,2022-11-26 05:15:16.701063,bb9b3d4e2681a845668182a6
4756.wf,AVAILABILITY,origin.list,origin.list,2022-11-26 05:15:19.394007,bb9b3d4e2681a845668182a6
4651.pm,AVAILABILITY,origin.list,origin.list,2022-11-26 05:15:19.866539,bb9b3d4e2681a845668182a6
4683.yt,AVAILABILITY,origin.list,origin.list,2022-11-26 05:15:20.051600,bb9b3d4e2681a845668182a6
4759.yt,AVAILABILITY,origin.list,origin.list,2022-11-26 05:15:20.167330,bb9b3d4e2681a845668182a6
4767.tf,AVAILABILITY,origin.list,origin.list,2022-11-26 05:15:21.287527,bb9b3d4e2681a845668182a6
4785.yt,AVAILABILITY,origin.list,origin.list,2022-11-26 05:15:21.518507,bb9b3d4e2681a845668182a6
4735.tf,AVAILABILITY,origin.list,origin.list,2022-11-26 05:15:27.296848,bb9b3d4e2681a845668182a6
4812.pm,AVAILABILITY,origin.list,origin.list,2022-11-26 05:15:31.383143,bb9b3d4e2681a845668182a6
4813.pm,AVAILABILITY,origin.list,origin.list,2022-11-26 05:15:32.278561,bb9b3d4e2681a845668182a6
4815.wf,AVAILABILITY,origin.list,origin.list,2022-11-26 05:15:32.521503,bb9b3d4e2681a845668182a6
4727.tf,AVAILABILITY,origin.list,origin.list,2022-11-26 05:15:36.774799,bb9b3d4e2681a845668182a6
4827.yt,AVAILABILITY,origin.list,origin.list,2022-11-26 05:15:38.431209,bb9b3d4e2681a845668182a6
4821.yt,AVAILABILITY,origin.list,origin.list,2022-11-26 05:15:38.566684,bb9b3d4e2681a845668182a6
4826.fr,AVAILABILITY,origin.list,origin.list,2022-11-26 05:15:40.544429,bb9b3d4e2681a845668182a6
4825.yt,AVAILABILITY,origin.list,origin.list,2022-11-26 05:15:43.138865,bb9b3d4e2681a845668182a6
4827.wf,AVAILABILITY,origin.list,origin.list,2022-11-26 05:15:44.302019,bb9b3d4e2681a845668182a6
4831.fr,AVAILABILITY,origin.list,origin.list,2022-11-26 05:15:44.792096,bb9b3d4e2681a845668182a6
4922.pm,AVAILABILITY,origin.list,origin.list,2022-11-26 05:15:47.079855,bb9b3d4e2681a845668182a6
48.tf,AVAILABILITY,origin.list,origin.list,2022-11-26 05:15:47.502864,bb9b3d4e2681a845668182a6
4927.pm,AVAILABILITY,origin.list,origin.list,2022-11-26 05:15:49.078216,bb9b3d4e2681a845668182a6
4839.wf,AVAILABILITY,origin.list,origin.list,2022-11-26 05:15:50.067509,bb9b3d4e2681a845668182a6
4elephants.fr,AVAILABILITY,origin.list,origin.list,2022-11-26 05:15:50.892007,bb9b3d4e2681a845668182a6
4ucampus.fr,AVAILABILITY,origin.list,origin.list,2022-11-26 05:15:52.304805,bb9b3d4e2681a845668182a6
4860.pm,AVAILABILITY,origin.list,origin.list,2022-11-26 05:15:53.694060,bb9b3d4e2681a845668182a6
500affiliates.fr,AVAILABILITY,origin.list,origin.list,2022-11-26 05:15:55.656711,bb9b3d4e2681a845668182a6
4895.wf,AVAILABILITY,origin.list,origin.list,2022-11-26 05:15:56.437845,bb9b3d4e2681a845668182a6
5055.pm,AVAILABILITY,origin.list,origin.list,2022-11-26 05:15:58.906753,bb9b3d4e2681a845668182a6
4945.wf,AVAILABILITY,origin.list,origin.list,2022-11-26 05:15:59.081828,bb9b3d4e2681a845668182a6
4980.yt,AVAILABILITY,origin.list,origin.list,2022-11-26 05:16:01.244813,bb9b3d4e2681a845668182a6
5055.yt,AVAILABILITY,origin.list,origin.list,2022-11-26 05:16:02.691870,bb9b3d4e2681a845668182a6
5004.wf,AVAILABILITY,origin.list,origin.list,2022-11-26 05:16:03.358779,bb9b3d4e2681a845668182a6
5070.wf,AVAILABILITY,origin.list,origin.list,2022-11-26 05:16:04.598267,bb9b3d4e2681a845668182a6
5072.yt,AVAILABILITY,origin.list,origin.list,2022-11-26 05:16:07.033521,bb9b3d4e2681a845668182a6
5081.yt,AVAILABILITY,origin.list,origin.list,2022-11-26 05:16:08.468528,bb9b3d4e2681a845668182a6
5036.wf,AVAILABILITY,origin.list,origin.list,2022-11-26 05:16:09.169592,bb9b3d4e2681a845668182a6
5130.pm,AVAILABILITY,origin.list,origin.list,2022-11-26 05:16:12.227697,bb9b3d4e2681a845668182a6
5058.yt,AVAILABILITY,origin.list,origin.list,2022-11-26 05:16:14.924765,bb9b3d4e2681a845668182a6
5134.yt,AVAILABILITY,origin.list,origin.list,2022-11-26 05:16:15.859860,bb9b3d4e2681a845668182a6
5073.yt,AVAILABILITY,origin.list,origin.list,2022-11-26 05:16:16.404864,bb9b3d4e2681a845668182a6
5147.yt,AVAILABILITY,origin.list,origin.list,2022-11-26 05:16:18.708579,bb9b3d4e2681a845668182a6
5102.yt,AVAILABILITY,origin.list,origin.list,2022-11-26 05:16:21.696693,bb9b3d4e2681a845668182a6
5107.yt,AVAILABILITY,origin.list,origin.list,2022-11-26 05:16:22.755648,bb9b3d4e2681a845668182a6
5135.wf,AVAILABILITY,origin.list,origin.list,2022-11-26 05:16:27.307257,bb9b3d4e2681a845668182a6
5155.wf,AVAILABILITY,origin.list,origin.list,2022-11-26 05:16:31.149187,bb9b3d4e2681a845668182a6
5163.yt,AVAILABILITY,origin.list,origin.list,2022-11-26 05:16:35.426230,bb9b3d4e2681a845668182a6
5163.wf,AVAILABILITY,origin.list,origin.list,2022-11-26 05:16:35.704170,bb9b3d4e2681a845668182a6
5186.pm,AVAILABILITY,origin.list,origin.list,2022-11-26 05:16:38.585693,bb9b3d4e2681a845668182a6
5162.wf,AVAILABILITY,origin.list,origin.list,2022-11-26 05:16:38.805616,bb9b3d4e2681a845668182a6
5164.fr,AVAILABILITY,origin.list,origin.list,2022-11-26 05:16:40.413077,bb9b3d4e2681a845668182a6
5197.pm,AVAILABILITY,origin.list,origin.list,2022-11-26 05:16:40.989411,bb9b3d4e2681a845668182a6
5174.fr,AVAILABILITY,origin.list,origin.list,2022-11-26 05:16:42.167314,bb9b3d4e2681a845668182a6
5202.pm,AVAILABILITY,origin.list,origin.list,2022-11-26 05:16:42.341178,bb9b3d4e2681a845668182a6
5209.pm,AVAILABILITY,origin.list,origin.list,2022-11-26 05:16:44.174406,bb9b3d4e2681a845668182a6
5192.fr,AVAILABILITY,origin.list,origin.list,2022-11-26 05:16:45.402697,bb9b3d4e2681a845668182a6
5213.yt,AVAILABILITY,origin.list,origin.list,2022-11-26 05:16:55.470926,bb9b3d4e2681a845668182a6
5240.tf,AVAILABILITY,origin.list,origin.list,2022-11-26 05:16:56.179901,bb9b3d4e2681a845668182a6
5249.wf,AVAILABILITY,origin.list,origin.list,2022-11-26 05:16:56.305769,bb9b3d4e2681a845668182a6
5263.wf,AVAILABILITY,origin.list,origin.list,2022-11-26 05:16:57.423710,bb9b3d4e2681a845668182a6
5282.yt,AVAILABILITY,origin.list,origin.list,2022-11-26 05:16:59.163954,bb9b3d4e2681a845668182a6
5332.pm,AVAILABILITY,origin.list,origin.list,2022-11-26 05:17:00.468516,bb9b3d4e2681a845668182a6
533.wf,AVAILABILITY,origin.list,origin.list,2022-11-26 05:17:01.128943,bb9b3d4e2681a845668182a6
5319.pm,AVAILABILITY,origin.list,origin.list,2022-11-26 05:17:01.336687,bb9b3d4e2681a845668182a6
5360.yt,AVAILABILITY,origin.list,origin.list,2022-11-26 05:17:02.937140,bb9b3d4e2681a845668182a6
5326.yt,AVAILABILITY,origin.list,origin.list,2022-11-26 05:17:10.900656,bb9b3d4e2681a845668182a6
5361.wf,AVAILABILITY,origin.list,origin.list,2022-11-26 05:17:14.717841,bb9b3d4e2681a845668182a6
5370.yt,AVAILABILITY,origin.list,origin.list,2022-11-26 05:17:18.261729,bb9b3d4e2681a845668182a6
5387.yt,AVAILABILITY,origin.list,origin.list,2022-11-26 05:17:18.750546,bb9b3d4e2681a845668182a6
5305.tf,AVAILABILITY,origin.list,origin.list,2022-11-26 05:17:18.803412,bb9b3d4e2681a845668182a6
5368.wf,AVAILABILITY,origin.list,origin.list,2022-11-26 05:17:24.037173,bb9b3d4e2681a845668182a6
5402.wf,AVAILABILITY,origin.list,origin.list,2022-11-26 05:17:24.442266,bb9b3d4e2681a845668182a6
5372.wf,AVAILABILITY,origin.list,origin.list,2022-11-26 05:17:24.493642,bb9b3d4e2681a845668182a6
5424.tf,AVAILABILITY,origin.list,origin.list,2022-11-26 05:17:24.745803,bb9b3d4e2681a845668182a6
5412.pm,AVAILABILITY,origin.list,origin.list,2022-11-26 05:17:25.238314,bb9b3d4e2681a845668182a6
552.wf,AVAILABILITY,origin.list,origin.list,2022-11-26 05:17:30.194861,bb9b3d4e2681a845668182a6
555.re,AVAILABILITY,origin.list,origin.list,2022-11-26 05:17:30.383402,bb9b3d4e2681a845668182a6
5487.pm,AVAILABILITY,origin.list,origin.list,2022-11-26 05:17:30.938266,bb9b3d4e2681a845668182a6
5506.pm,AVAILABILITY,origin.list,origin.list,2022-11-26 05:17:31.208772,bb9b3d4e2681a845668182a6
5612.yt,AVAILABILITY,origin.list,origin.list,2022-11-26 05:17:35.332530,bb9b3d4e2681a845668182a6
555.yt,AVAILABILITY,origin.list,origin.list,2022-11-26 05:17:35.344214,bb9b3d4e2681a845668182a6
5593.wf,AVAILABILITY,origin.list,origin.list,2022-11-26 05:17:37.958885,bb9b3d4e2681a845668182a6
5641.yt,AVAILABILITY,origin.list,origin.list,2022-11-26 05:17:40.837686,bb9b3d4e2681a845668182a6
5650.pm,AVAILABILITY,origin.list,origin.list,2022-11-26 05:17:42.390150,bb9b3d4e2681a845668182a6
5627.wf,AVAILABILITY,origin.list,origin.list,2022-11-26 05:17:45.386155,bb9b3d4e2681a845668182a6
5656.pm,AVAILABILITY,origin.list,origin.list,2022-11-26 05:17:45.947161,bb9b3d4e2681a845668182a6
5521.wf,AVAILABILITY,origin.list,origin.list,2022-11-26 05:17:47.178314,bb9b3d4e2681a845668182a6
5659.yt,AVAILABILITY,origin.list,origin.list,2022-11-26 05:17:48.168032,bb9b3d4e2681a845668182a6
5645.pm,AVAILABILITY,origin.list,origin.list,2022-11-26 05:17:49.458900,bb9b3d4e2681a845668182a6
5683.wf,AVAILABILITY,origin.list,origin.list,2022-11-26 05:17:51.358978,bb9b3d4e2681a845668182a6
567.yt,AVAILABILITY,origin.list,origin.list,2022-11-26 05:17:52.049929,bb9b3d4e2681a845668182a6
5678.yt,AVAILABILITY,origin.list,origin.list,2022-11-26 05:17:52.178698,bb9b3d4e2681a845668182a6
5696.pm,AVAILABILITY,origin.list,origin.list,2022-11-26 05:17:53.548581,bb9b3d4e2681a845668182a6
5742.pm,AVAILABILITY,origin.list,origin.list,2022-11-26 05:17:56.210439,bb9b3d4e2681a845668182a6
5731.pm,AVAILABILITY,origin.list,origin.list,2022-11-26 05:17:56.850065,bb9b3d4e2681a845668182a6
5713.yt,AVAILABILITY,origin.list,origin.list,2022-11-26 05:18:02.908604,bb9b3d4e2681a845668182a6
5726.yt,AVAILABILITY,origin.list,origin.list,2022-11-26 05:18:05.748898,bb9b3d4e2681a845668182a6
5730.yt,AVAILABILITY,origin.list,origin.list,2022-11-26 05:18:06.906453,bb9b3d4e2681a845668182a6
5789.tf,AVAILABILITY,origin.list,origin.list,2022-11-26 05:18:07.462438,bb9b3d4e2681a845668182a6
5767.fr,AVAILABILITY,origin.list,origin.list,2022-11-26 05:18:10.356893,bb9b3d4e2681a845668182a6
5781.pm,AVAILABILITY,origin.list,origin.list,2022-11-26 05:18:10.866292,bb9b3d4e2681a845668182a6
5806.pm,AVAILABILITY,origin.list,origin.list,2022-11-26 05:18:11.258013,bb9b3d4e2681a845668182a6
5801.pm,AVAILABILITY,origin.list,origin.list,2022-11-26 05:18:11.582583,bb9b3d4e2681a845668182a6
5821.yt,AVAILABILITY,origin.list,origin.list,2022-11-26 05:18:14.545462,bb9b3d4e2681a845668182a6
5816.yt,AVAILABILITY,origin.list,origin.list,2022-11-26 05:18:15.539275,bb9b3d4e2681a845668182a6
5845.pm,AVAILABILITY,origin.list,origin.list,2022-11-26 05:18:16.999677,bb9b3d4e2681a845668182a6
5852.wf,AVAILABILITY,origin.list,origin.list,2022-11-26 05:18:18.758533,bb9b3d4e2681a845668182a6
5869.yt,AVAILABILITY,origin.list,origin.list,2022-11-26 05:18:21.210501,bb9b3d4e2681a845668182a6
5815.wf,AVAILABILITY,origin.list,origin.list,2022-11-26 05:18:22.171770,bb9b3d4e2681a845668182a6
5879.wf,AVAILABILITY,origin.list,origin.list,2022-11-26 05:18:24.117840,bb9b3d4e2681a845668182a6
5883.pm,AVAILABILITY,origin.list,origin.list,2022-11-26 05:18:24.958867,bb9b3d4e2681a845668182a6
5842.yt,AVAILABILITY,origin.list,origin.list,2022-11-26 05:18:26.415589,bb9b3d4e2681a845668182a6
5889.tf,AVAILABILITY,origin.list,origin.list,2022-11-26 05:18:28.500287,bb9b3d4e2681a845668182a6
5925.pm,AVAILABILITY,origin.list,origin.list,2022-11-26 05:18:29.804053,bb9b3d4e2681a845668182a6
5927.yt,AVAILABILITY,origin.list,origin.list,2022-11-26 05:18:32.849910,bb9b3d4e2681a845668182a6
5930.pm,AVAILABILITY,origin.list,origin.list,2022-11-26 05:18:32.943403,bb9b3d4e2681a845668182a6
5948.yt,AVAILABILITY,origin.list,origin.list,2022-11-26 05:18:33.622607,bb9b3d4e2681a845668182a6
5934.yt,AVAILABILITY,origin.list,origin.list,2022-11-26 05:18:35.226774,bb9b3d4e2681a845668182a6
5990.yt,AVAILABILITY,origin.list,origin.list,2022-11-26 05:18:38.535903,bb9b3d4e2681a845668182a6
5901.yt,AVAILABILITY,origin.list,origin.list,2022-11-26 05:18:39.379375,bb9b3d4e2681a845668182a6
5gmobilestore.fr,AVAILABILITY,origin.list,origin.list,2022-11-26 05:18:43.851401,bb9b3d4e2681a845668182a6
6018.pm,AVAILABILITY,origin.list,origin.list,2022-11-26 05:18:44.384473,bb9b3d4e2681a845668182a6
6051.yt,AVAILABILITY,origin.list,origin.list,2022-11-26 05:18:47.448407,bb9b3d4e2681a845668182a6
5982.wf,AVAILABILITY,origin.list,origin.list,2022-11-26 05:18:48.088105,bb9b3d4e2681a845668182a6
5980.pm,AVAILABILITY,origin.list,origin.list,2022-11-26 05:18:49.109349,bb9b3d4e2681a845668182a6
6082.yt,AVAILABILITY,origin.list,origin.list,2022-11-26 05:18:49.565309,bb9b3d4e2681a845668182a6
60.yt,AVAILABILITY,origin.list,origin.list,2022-11-26 05:18:53.136797,bb9b3d4e2681a845668182a6
6103.pm,AVAILABILITY,origin.list,origin.list,2022-11-26 05:18:53.378221,bb9b3d4e2681a845668182a6
6028.yt,AVAILABILITY,origin.list,origin.list,2022-11-26 05:18:54.275370,bb9b3d4e2681a845668182a6
6107.yt,AVAILABILITY,origin.list,origin.list,2022-11-26 05:18:55.848780,bb9b3d4e2681a845668182a6
6123.pm,AVAILABILITY,origin.list,origin.list,2022-11-26 05:18:58.904533,bb9b3d4e2681a845668182a6
6083.wf,AVAILABILITY,origin.list,origin.list,2022-11-26 05:19:01.175793,bb9b3d4e2681a845668182a6
6132.pm,AVAILABILITY,origin.list,origin.list,2022-11-26 05:19:01.323326,bb9b3d4e2681a845668182a6
6132.re,AVAILABILITY,origin.list,origin.list,2022-11-26 05:19:02.906482,bb9b3d4e2681a845668182a6
6132.tf,AVAILABILITY,origin.list,origin.list,2022-11-26 05:19:04.933727,bb9b3d4e2681a845668182a6
6132.wf,AVAILABILITY,origin.list,origin.list,2022-11-26 05:19:07.036505,bb9b3d4e2681a845668182a6
6119.pm,AVAILABILITY,origin.list,origin.list,2022-11-26 05:19:08.543502,bb9b3d4e2681a845668182a6
6132.yt,AVAILABILITY,origin.list,origin.list,2022-11-26 05:19:09.534089,bb9b3d4e2681a845668182a6
6095.wf,AVAILABILITY,origin.list,origin.list,2022-11-26 05:19:12.497432,bb9b3d4e2681a845668182a6
6137.pm,AVAILABILITY,origin.list,origin.list,2022-11-26 05:19:12.561851,bb9b3d4e2681a845668182a6
6137.yt,AVAILABILITY,origin.list,origin.list,2022-11-26 05:19:14.111416,bb9b3d4e2681a845668182a6
6137.fr,AVAILABILITY,origin.list,origin.list,2022-11-26 05:19:16.620467,bb9b3d4e2681a845668182a6
6166.tf,AVAILABILITY,origin.list,origin.list,2022-11-26 05:19:16.631213,bb9b3d4e2681a845668182a6
6173.pm,AVAILABILITY,origin.list,origin.list,2022-11-26 05:19:17.024301,bb9b3d4e2681a845668182a6
6136.yt,AVAILABILITY,origin.list,origin.list,2022-11-26 05:19:18.961292,bb9b3d4e2681a845668182a6
6175.pm,AVAILABILITY,origin.list,origin.list,2022-11-26 05:19:19.812045,bb9b3d4e2681a845668182a6
6179.pm,AVAILABILITY,origin.list,origin.list,2022-11-26 05:19:21.303910,bb9b3d4e2681a845668182a6
6193.pm,AVAILABILITY,origin.list,origin.list,2022-11-26 05:19:23.066532,bb9b3d4e2681a845668182a6
6172.wf,AVAILABILITY,origin.list,origin.list,2022-11-26 05:19:25.384166,bb9b3d4e2681a845668182a6
6202.pm,AVAILABILITY,origin.list,origin.list,2022-11-26 05:19:26.380523,bb9b3d4e2681a845668182a6
6202.re,AVAILABILITY,origin.list,origin.list,2022-11-26 05:19:28.333927,bb9b3d4e2681a845668182a6
6202.tf,AVAILABILITY,origin.list,origin.list,2022-11-26 05:19:28.956733,bb9b3d4e2681a845668182a6
6202.wf,AVAILABILITY,origin.list,origin.list,2022-11-26 05:19:30.878944,bb9b3d4e2681a845668182a6
6182.yt,AVAILABILITY,origin.list,origin.list,2022-11-26 05:19:31.519434,bb9b3d4e2681a845668182a6
6202.yt,AVAILABILITY,origin.list,origin.list,2022-11-26 05:19:34.293981,bb9b3d4e2681a845668182a6
6229.wf,AVAILABILITY,origin.list,origin.list,2022-11-26 05:19:37.327885,bb9b3d4e2681a845668182a6
6252.wf,AVAILABILITY,origin.list,origin.list,2022-11-26 05:19:39.738546,bb9b3d4e2681a845668182a6
6196.wf,AVAILABILITY,origin.list,origin.list,2022-11-26 05:19:42.543639,bb9b3d4e2681a845668182a6
6213.yt,AVAILABILITY,origin.list,origin.list,2022-11-26 05:19:44.963641,bb9b3d4e2681a845668182a6
6284.yt,AVAILABILITY,origin.list,origin.list,2022-11-26 05:19:46.383256,bb9b3d4e2681a845668182a6
6248.wf,AVAILABILITY,origin.list,origin.list,2022-11-26 05:19:46.633554,bb9b3d4e2681a845668182a6
6285.yt,AVAILABILITY,origin.list,origin.list,2022-11-26 05:19:48.910101,bb9b3d4e2681a845668182a6
6318.pm,AVAILABILITY,origin.list,origin.list,2022-11-26 05:19:50.000958,bb9b3d4e2681a845668182a6
6310.pm,AVAILABILITY,origin.list,origin.list,2022-11-26 05:19:50.414433,bb9b3d4e2681a845668182a6
6321.pm,AVAILABILITY,origin.list,origin.list,2022-11-26 05:19:52.378441,bb9b3d4e2681a845668182a6
6254.yt,AVAILABILITY,origin.list,origin.list,2022-11-26 05:19:52.760368,bb9b3d4e2681a845668182a6
6283.yt,AVAILABILITY,origin.list,origin.list,2022-11-26 05:19:55.263285,bb9b3d4e2681a845668182a6
6345.pm,AVAILABILITY,origin.list,origin.list,2022-11-26 05:19:55.762752,bb9b3d4e2681a845668182a6
6392.pm,AVAILABILITY,origin.list,origin.list,2022-11-26 05:19:59.862419,bb9b3d4e2681a845668182a6
6361.fr,AVAILABILITY,origin.list,origin.list,2022-11-26 05:20:00.275004,bb9b3d4e2681a845668182a6
6422.pm,AVAILABILITY,origin.list,origin.list,2022-11-26 05:20:06.628534,bb9b3d4e2681a845668182a6
6375.yt,AVAILABILITY,origin.list,origin.list,2022-11-26 05:20:07.835571,bb9b3d4e2681a845668182a6
6382.tf,AVAILABILITY,origin.list,origin.list,2022-11-26 05:20:09.287363,bb9b3d4e2681a845668182a6
6456.pm,AVAILABILITY,origin.list,origin.list,2022-11-26 05:20:13.571421,bb9b3d4e2681a845668182a6
6419.wf,AVAILABILITY,origin.list,origin.list,2022-11-26 05:20:16.030735,bb9b3d4e2681a845668182a6
6366.wf,AVAILABILITY,origin.list,origin.list,2022-11-26 05:20:17.688208,bb9b3d4e2681a845668182a6
6476.yt,AVAILABILITY,origin.list,origin.list,2022-11-26 05:20:18.323889,bb9b3d4e2681a845668182a6
6423.pm,AVAILABILITY,origin.list,origin.list,2022-11-26 05:20:21.589670,bb9b3d4e2681a845668182a6
6473.yt,AVAILABILITY,origin.list,origin.list,2022-11-26 05:20:24.459485,bb9b3d4e2681a845668182a6
6543.yt,AVAILABILITY,origin.list,origin.list,2022-11-26 05:20:29.292376,bb9b3d4e2681a845668182a6
6532.wf,AVAILABILITY,origin.list,origin.list,2022-11-26 05:20:30.399361,bb9b3d4e2681a845668182a6
6512.wf,AVAILABILITY,origin.list,origin.list,2022-11-26 05:20:31.484298,bb9b3d4e2681a845668182a6
6541.wf,AVAILABILITY,origin.list,origin.list,2022-11-26 05:20:33.948483,bb9b3d4e2681a845668182a6
6542.wf,AVAILABILITY,origin.list,origin.list,2022-11-26 05:20:34.442538,bb9b3d4e2681a845668182a6
6573.yt,AVAILABILITY,origin.list,origin.list,2022-11-26 05:20:35.626717,bb9b3d4e2681a845668182a6
6581.yt,AVAILABILITY,origin.list,origin.list,2022-11-26 05:20:36.120934,bb9b3d4e2681a845668182a6
65923.paris,AVAILABILITY,origin.list,origin.list,2022-11-26 05:20:39.219908,bb9b3d4e2681a845668182a6
6631.pm,AVAILABILITY,origin.list,origin.list,2022-11-26 05:20:40.075289,bb9b3d4e2681a845668182a6
6620.tf,AVAILABILITY,origin.list,origin.list,2022-11-26 05:20:40.312669,bb9b3d4e2681a845668182a6
6646.pm,AVAILABILITY,origin.list,origin.list,2022-11-26 05:20:44.464932,bb9b3d4e2681a845668182a6
6547.pm,AVAILABILITY,origin.list,origin.list,2022-11-26 05:20:44.770791,bb9b3d4e2681a845668182a6
6590.yt,AVAILABILITY,origin.list,origin.list,2022-11-26 05:20:48.498367,bb9b3d4e2681a845668182a6
6693.wf,AVAILABILITY,origin.list,origin.list,2022-11-26 05:20:49.163285,bb9b3d4e2681a845668182a6
6678.pm,AVAILABILITY,origin.list,origin.list,2022-11-26 05:20:49.831362,bb9b3d4e2681a845668182a6
6668.wf,AVAILABILITY,origin.list,origin.list,2022-11-26 05:20:54.649626,bb9b3d4e2681a845668182a6
6671.wf,AVAILABILITY,origin.list,origin.list,2022-11-26 05:21:01.571857,bb9b3d4e2681a845668182a6
6731.wf,AVAILABILITY,origin.list,origin.list,2022-11-26 05:21:03.628601,bb9b3d4e2681a845668182a6
6725.yt,AVAILABILITY,origin.list,origin.list,2022-11-26 05:21:03.713608,bb9b3d4e2681a845668182a6
6721.yt,AVAILABILITY,origin.list,origin.list,2022-11-26 05:21:03.782387,bb9b3d4e2681a845668182a6
6732.yt,AVAILABILITY,origin.list,origin.list,2022-11-26 05:21:06.036769,bb9b3d4e2681a845668182a6
6731.yt,AVAILABILITY,origin.list,origin.list,2022-11-26 05:21:06.983647,bb9b3d4e2681a845668182a6
6768.yt,AVAILABILITY,origin.list,origin.list,2022-11-26 05:21:07.234369,bb9b3d4e2681a845668182a6
678.pm,AVAILABILITY,origin.list,origin.list,2022-11-26 05:21:09.064119,bb9b3d4e2681a845668182a6
6777.tf,AVAILABILITY,origin.list,origin.list,2022-11-26 05:21:09.416833,bb9b3d4e2681a845668182a6
6789.pm,AVAILABILITY,origin.list,origin.list,2022-11-26 05:21:09.912956,bb9b3d4e2681a845668182a6
678.wf,AVAILABILITY,origin.list,origin.list,2022-11-26 05:21:10.747725,bb9b3d4e2681a845668182a6
6801.yt,AVAILABILITY,origin.list,origin.list,2022-11-26 05:21:13.178792,bb9b3d4e2681a845668182a6
6794.pm,AVAILABILITY,origin.list,origin.list,2022-11-26 05:21:13.883913,bb9b3d4e2681a845668182a6
6742.wf,AVAILABILITY,origin.list,origin.list,2022-11-26 05:21:17.346239,bb9b3d4e2681a845668182a6
6857.yt,AVAILABILITY,origin.list,origin.list,2022-11-26 05:21:17.407481,bb9b3d4e2681a845668182a6
6802.yt,AVAILABILITY,origin.list,origin.list,2022-11-26 05:21:23.740386,bb9b3d4e2681a845668182a6
6812.pm,AVAILABILITY,origin.list,origin.list,2022-11-26 05:21:28.130704,bb9b3d4e2681a845668182a6
68sd.yt,AVAILABILITY,origin.list,origin.list,2022-11-26 05:21:28.611958,bb9b3d4e2681a845668182a6
6862.wf,AVAILABILITY,origin.list,origin.list,2022-11-26 05:21:32.381832,bb9b3d4e2681a845668182a6
68963.yt,AVAILABILITY,origin.list,origin.list,2022-11-26 05:21:32.953186,bb9b3d4e2681a845668182a6
6911.pm,AVAILABILITY,origin.list,origin.list,2022-11-26 05:21:33.433814,bb9b3d4e2681a845668182a6
6958.fr,AVAILABILITY,origin.list,origin.list,2022-11-26 05:21:34.424663,bb9b3d4e2681a845668182a6
678.yt,AVAILABILITY,origin.list,origin.list,2022-11-26 05:21:36.812771,bb9b3d4e2681a845668182a6
6958.pm,AVAILABILITY,origin.list,origin.list,2022-11-26 05:21:37.215713,bb9b3d4e2681a845668182a6
6958.re,AVAILABILITY,origin.list,origin.list,2022-11-26 05:21:37.287952,bb9b3d4e2681a845668182a6
6958.tf,AVAILABILITY,origin.list,origin.list,2022-11-26 05:21:37.298110,bb9b3d4e2681a845668182a6
6paly.fr,AVAILABILITY,origin.list,origin.list,2022-11-26 05:21:39.669855,bb9b3d4e2681a845668182a6
6range.fr,AVAILABILITY,origin.list,origin.list,2022-11-26 05:21:40.442843,bb9b3d4e2681a845668182a6
6958.yt,AVAILABILITY,origin.list,origin.list,2022-11-26 05:21:40.478287,bb9b3d4e2681a845668182a6
6958.wf,AVAILABILITY,origin.list,origin.list,2022-11-26 05:21:40.485161,bb9b3d4e2681a845668182a6
70101.paris,AVAILABILITY,origin.list,origin.list,2022-11-26 05:21:44.564011,bb9b3d4e2681a845668182a6
70102.paris,AVAILABILITY,origin.list,origin.list,2022-11-26 05:21:44.918761,bb9b3d4e2681a845668182a6
70105.paris,AVAILABILITY,origin.list,origin.list,2022-11-26 05:21:46.012097,bb9b3d4e2681a845668182a6
70104.paris,AVAILABILITY,origin.list,origin.list,2022-11-26 05:21:46.109160,bb9b3d4e2681a845668182a6
70103.paris,AVAILABILITY,origin.list,origin.list,2022-11-26 05:21:47.082773,bb9b3d4e2681a845668182a6
70106.paris,AVAILABILITY,origin.list,origin.list,2022-11-26 05:21:49.725557,bb9b3d4e2681a845668182a6
70110.paris,AVAILABILITY,origin.list,origin.list,2022-11-26 05:21:51.284079,bb9b3d4e2681a845668182a6
70107.paris,AVAILABILITY,origin.list,origin.list,2022-11-26 05:21:51.300138,bb9b3d4e2681a845668182a6
70108.paris,AVAILABILITY,origin.list,origin.list,2022-11-26 05:21:51.315122,bb9b3d4e2681a845668182a6
70109.paris,AVAILABILITY,origin.list,origin.list,2022-11-26 05:21:52.354470,bb9b3d4e2681a845668182a6
70111.paris,AVAILABILITY,origin.list,origin.list,2022-11-26 05:21:55.636047,bb9b3d4e2681a845668182a6
70112.paris,AVAILABILITY,origin.list,origin.list,2022-11-26 05:21:57.626420,bb9b3d4e2681a845668182a6
70115.paris,AVAILABILITY,origin.list,origin.list,2022-11-26 05:21:59.738371,bb9b3d4e2681a845668182a6
70113.paris,AVAILABILITY,origin.list,origin.list,2022-11-26 05:21:59.848863,bb9b3d4e2681a845668182a6
70114.paris,AVAILABILITY,origin.list,origin.list,2022-11-26 05:21:59.889150,bb9b3d4e2681a845668182a6
7106.pm,AVAILABILITY,origin.list,origin.list,2022-11-26 05:22:06.067002,bb9b3d4e2681a845668182a6
7134.yt,AVAILABILITY,origin.list,origin.list,2022-11-26 05:22:07.217523,bb9b3d4e2681a845668182a6
7159.pm,AVAILABILITY,origin.list,origin.list,2022-11-26 05:22:10.639447,bb9b3d4e2681a845668182a6
7038.yt,AVAILABILITY,origin.list,origin.list,2022-11-26 05:22:10.679137,bb9b3d4e2681a845668182a6
7042.wf,AVAILABILITY,origin.list,origin.list,2022-11-26 05:22:11.367759,bb9b3d4e2681a845668182a6
7163.pm,AVAILABILITY,origin.list,origin.list,2022-11-26 05:22:14.685064,bb9b3d4e2681a845668182a6
7141.yt,AVAILABILITY,origin.list,origin.list,2022-11-26 05:22:15.273499,bb9b3d4e2681a845668182a6
7184.yt,AVAILABILITY,origin.list,origin.list,2022-11-26 05:22:15.496364,bb9b3d4e2681a845668182a6
7215.yt,AVAILABILITY,origin.list,origin.list,2022-11-26 05:22:19.342772,bb9b3d4e2681a845668182a6
7147.wf,AVAILABILITY,origin.list,origin.list,2022-11-26 05:22:19.739069,bb9b3d4e2681a845668182a6
7236.wf,AVAILABILITY,origin.list,origin.list,2022-11-26 05:22:20.516211,bb9b3d4e2681a845668182a6
7196.yt,AVAILABILITY,origin.list,origin.list,2022-11-26 05:22:20.744867,bb9b3d4e2681a845668182a6
7237.yt,AVAILABILITY,origin.list,origin.list,2022-11-26 05:22:22.981422,bb9b3d4e2681a845668182a6
7181.yt,AVAILABILITY,origin.list,origin.list,2022-11-26 05:22:24.611292,bb9b3d4e2681a845668182a6
7260.pm,AVAILABILITY,origin.list,origin.list,2022-11-26 05:22:27.981868,bb9b3d4e2681a845668182a6
7241.yt,AVAILABILITY,origin.list,origin.list,2022-11-26 05:22:33.011252,bb9b3d4e2681a845668182a6
7239.wf,AVAILABILITY,origin.list,origin.list,2022-11-26 05:22:33.399721,bb9b3d4e2681a845668182a6
7240.yt,AVAILABILITY,origin.list,origin.list,2022-11-26 05:22:34.267473,bb9b3d4e2681a845668182a6
7248.yt,AVAILABILITY,origin.list,origin.list,2022-11-26 05:22:37.259448,bb9b3d4e2681a845668182a6
7264.fr,AVAILABILITY,origin.list,origin.list,2022-11-26 05:22:37.565947,bb9b3d4e2681a845668182a6
7306.yt,AVAILABILITY,origin.list,origin.list,2022-11-26 05:22:42.012652,bb9b3d4e2681a845668182a6
7271.pm,AVAILABILITY,origin.list,origin.list,2022-11-26 05:22:45.225828,bb9b3d4e2681a845668182a6
7275.yt,AVAILABILITY,origin.list,origin.list,2022-11-26 05:22:47.593813,bb9b3d4e2681a845668182a6
7285.yt,AVAILABILITY,origin.list,origin.list,2022-11-26 05:22:47.763190,bb9b3d4e2681a845668182a6
7316.pm,AVAILABILITY,origin.list,origin.list,2022-11-26 05:22:48.939648,bb9b3d4e2681a845668182a6
7315.wf,AVAILABILITY,origin.list,origin.list,2022-11-26 05:22:51.587956,bb9b3d4e2681a845668182a6
7344.pm,AVAILABILITY,origin.list,origin.list,2022-11-26 05:22:52.966549,bb9b3d4e2681a845668182a6
7318.pm,AVAILABILITY,origin.list,origin.list,2022-11-26 05:22:54.181583,bb9b3d4e2681a845668182a6
7315.yt,AVAILABILITY,origin.list,origin.list,2022-11-26 05:22:55.164073,bb9b3d4e2681a845668182a6
7348.pm,AVAILABILITY,origin.list,origin.list,2022-11-26 05:22:56.438682,bb9b3d4e2681a845668182a6
7350.yt,AVAILABILITY,origin.list,origin.list,2022-11-26 05:22:57.887398,bb9b3d4e2681a845668182a6
7352.yt,AVAILABILITY,origin.list,origin.list,2022-11-26 05:22:58.163290,bb9b3d4e2681a845668182a6
7360.yt,AVAILABILITY,origin.list,origin.list,2022-11-26 05:23:00.003684,bb9b3d4e2681a845668182a6
7366.tf,AVAILABILITY,origin.list,origin.list,2022-11-26 05:23:00.462507,bb9b3d4e2681a845668182a6
7342.yt,AVAILABILITY,origin.list,origin.list,2022-11-26 05:23:03.576345,bb9b3d4e2681a845668182a6
7366.wf,AVAILABILITY,origin.list,origin.list,2022-11-26 05:23:03.796891,bb9b3d4e2681a845668182a6
7384.pm,AVAILABILITY,origin.list,origin.list,2022-11-26 05:23:04.624713,bb9b3d4e2681a845668182a6
7467.pm,AVAILABILITY,origin.list,origin.list,2022-11-26 05:23:07.707916,bb9b3d4e2681a845668182a6
7448.wf,AVAILABILITY,origin.list,origin.list,2022-11-26 05:23:07.968872,bb9b3d4e2681a845668182a6
7381.yt,AVAILABILITY,origin.list,origin.list,2022-11-26 05:23:12.093608,bb9b3d4e2681a845668182a6
7484.pm,AVAILABILITY,origin.list,origin.list,2022-11-26 05:23:12.955415,bb9b3d4e2681a845668182a6
7436.yt,AVAILABILITY,origin.list,origin.list,2022-11-26 05:23:13.287371,bb9b3d4e2681a845668182a6
7487.wf,AVAILABILITY,origin.list,origin.list,2022-11-26 05:23:15.661907,bb9b3d4e2681a845668182a6
7461.yt,AVAILABILITY,origin.list,origin.list,2022-11-26 05:23:17.561414,bb9b3d4e2681a845668182a6
7509.pm,AVAILABILITY,origin.list,origin.list,2022-11-26 05:23:17.751501,bb9b3d4e2681a845668182a6
7484.yt,AVAILABILITY,origin.list,origin.list,2022-11-26 05:23:19.272428,bb9b3d4e2681a845668182a6
7526.yt,AVAILABILITY,origin.list,origin.list,2022-11-26 05:23:22.704348,bb9b3d4e2681a845668182a6
7513.pm,AVAILABILITY,origin.list,origin.list,2022-11-26 05:23:24.123040,bb9b3d4e2681a845668182a6
7491.fr,AVAILABILITY,origin.list,origin.list,2022-11-26 05:23:27.643527,bb9b3d4e2681a845668182a6
7535.pm,AVAILABILITY,origin.list,origin.list,2022-11-26 05:23:28.440394,bb9b3d4e2681a845668182a6
7537.yt,AVAILABILITY,origin.list,origin.list,2022-11-26 05:23:28.574704,bb9b3d4e2681a845668182a6
7512.yt,AVAILABILITY,origin.list,origin.list,2022-11-26 05:23:30.146629,bb9b3d4e2681a845668182a6
7531.wf,AVAILABILITY,origin.list,origin.list,2022-11-26 05:23:32.599581,bb9b3d4e2681a845668182a6
7552.yt,AVAILABILITY,origin.list,origin.list,2022-11-26 05:23:33.034169,bb9b3d4e2681a845668182a6
7561.pm,AVAILABILITY,origin.list,origin.list,2022-11-26 05:23:34.732011,bb9b3d4e2681a845668182a6
7563.pm,AVAILABILITY,origin.list,origin.list,2022-11-26 05:23:36.875909,bb9b3d4e2681a845668182a6
7585.pm,AVAILABILITY,origin.list,origin.list,2022-11-26 05:23:37.723690,bb9b3d4e2681a845668182a6
7585.yt,AVAILABILITY,origin.list,origin.list,2022-11-26 05:23:41.267881,bb9b3d4e2681a845668182a6
7543.yt,AVAILABILITY,origin.list,origin.list,2022-11-26 05:23:41.619015,bb9b3d4e2681a845668182a6
7588.wf,AVAILABILITY,origin.list,origin.list,2022-11-26 05:23:43.468388,bb9b3d4e2681a845668182a6
7557.yt,AVAILABILITY,origin.list,origin.list,2022-11-26 05:23:44.368978,bb9b3d4e2681a845668182a6
7580.yt,AVAILABILITY,origin.list,origin.list,2022-11-26 05:23:46.045662,bb9b3d4e2681a845668182a6
75esession.fr,AVAILABILITY,origin.list,origin.list,2022-11-26 05:23:46.373674,bb9b3d4e2681a845668182a6
7613.tf,AVAILABILITY,origin.list,origin.list,2022-11-26 05:23:46.772902,bb9b3d4e2681a845668182a6
7605.wf,AVAILABILITY,origin.list,origin.list,2022-11-26 05:23:46.959534,bb9b3d4e2681a845668182a6
7631.pm,AVAILABILITY,origin.list,origin.list,2022-11-26 05:23:50.622227,bb9b3d4e2681a845668182a6
7586.yt,AVAILABILITY,origin.list,origin.list,2022-11-26 05:23:51.498800,bb9b3d4e2681a845668182a6
7628.wf,AVAILABILITY,origin.list,origin.list,2022-11-26 05:23:58.581905,bb9b3d4e2681a845668182a6
7639.pm,AVAILABILITY,origin.list,origin.list,2022-11-26 05:23:59.627748,bb9b3d4e2681a845668182a6
7631.yt,AVAILABILITY,origin.list,origin.list,2022-11-26 05:24:00.418759,bb9b3d4e2681a845668182a6
7624.yt,AVAILABILITY,origin.list,origin.list,2022-11-26 05:24:00.565790,bb9b3d4e2681a845668182a6
7658.tf,AVAILABILITY,origin.list,origin.list,2022-11-26 05:24:03.975005,bb9b3d4e2681a845668182a6
7651.pm,AVAILABILITY,origin.list,origin.list,2022-11-26 05:24:04.510191,bb9b3d4e2681a845668182a6
7673.wf,AVAILABILITY,origin.list,origin.list,2022-11-26 05:24:06.177166,bb9b3d4e2681a845668182a6
7685.pm,AVAILABILITY,origin.list,origin.list,2022-11-26 05:24:06.549463,bb9b3d4e2681a845668182a6
7698.yt,AVAILABILITY,origin.list,origin.list,2022-11-26 05:24:09.098691,bb9b3d4e2681a845668182a6
770715.paris,AVAILABILITY,origin.list,origin.list,2022-11-26 05:24:11.304715,bb9b3d4e2681a845668182a6
7639.wf,AVAILABILITY,origin.list,origin.list,2022-11-26 05:24:13.193603,bb9b3d4e2681a845668182a6
7715.yt,AVAILABILITY,origin.list,origin.list,2022-11-26 05:24:15.024902,bb9b3d4e2681a845668182a6
7632.wf,AVAILABILITY,origin.list,origin.list,2022-11-26 05:24:15.192706,bb9b3d4e2681a845668182a6
7638.wf,AVAILABILITY,origin.list,origin.list,2022-11-26 05:24:16.073390,bb9b3d4e2681a845668182a6
7720.tf,AVAILABILITY,origin.list,origin.list,2022-11-26 05:24:16.472011,bb9b3d4e2681a845668182a6
7769.pm,AVAILABILITY,origin.list,origin.list,2022-11-26 05:24:19.772202,bb9b3d4e2681a845668182a6
7770.pm,AVAILABILITY,origin.list,origin.list,2022-11-26 05:24:19.919127,bb9b3d4e2681a845668182a6
7713.wf,AVAILABILITY,origin.list,origin.list,2022-11-26 05:24:21.589596,bb9b3d4e2681a845668182a6
7855.wf,AVAILABILITY,origin.list,origin.list,2022-11-26 05:24:25.084615,bb9b3d4e2681a845668182a6
7869.pm,AVAILABILITY,origin.list,origin.list,2022-11-26 05:24:27.308516,bb9b3d4e2681a845668182a6
7749.wf,AVAILABILITY,origin.list,origin.list,2022-11-26 05:24:28.527957,bb9b3d4e2681a845668182a6
7871.pm,AVAILABILITY,origin.list,origin.list,2022-11-26 05:24:31.085054,bb9b3d4e2681a845668182a6
7846.yt,AVAILABILITY,origin.list,origin.list,2022-11-26 05:24:31.337606,bb9b3d4e2681a845668182a6
78hotmail.fr,AVAILABILITY,origin.list,origin.list,2022-11-26 05:24:32.117458,bb9b3d4e2681a845668182a6
7846.pm,AVAILABILITY,origin.list,origin.list,2022-11-26 05:24:33.194780,bb9b3d4e2681a845668182a6
789.pm,AVAILABILITY,origin.list,origin.list,2022-11-26 05:24:35.409016,bb9b3d4e2681a845668182a6
7947.yt,AVAILABILITY,origin.list,origin.list,2022-11-26 05:24:35.789764,bb9b3d4e2681a845668182a6
7792.wf,AVAILABILITY,origin.list,origin.list,2022-11-26 05:24:39.077800,bb9b3d4e2681a845668182a6
7955.pm,AVAILABILITY,origin.list,origin.list,2022-11-26 05:24:39.182488,bb9b3d4e2681a845668182a6
7941.fr,AVAILABILITY,origin.list,origin.list,2022-11-26 05:24:40.743746,bb9b3d4e2681a845668182a6
7884.yt,AVAILABILITY,origin.list,origin.list,2022-11-26 05:24:42.374871,bb9b3d4e2681a845668182a6
7977.tf,AVAILABILITY,origin.list,origin.list,2022-11-26 05:24:44.616665,bb9b3d4e2681a845668182a6
7996.wf,AVAILABILITY,origin.list,origin.list,2022-11-26 05:24:46.699784,bb9b3d4e2681a845668182a6
7frenchweb.fr,AVAILABILITY,origin.list,origin.list,2022-11-26 05:24:48.298714,bb9b3d4e2681a845668182a6
7jeux.fr,AVAILABILITY,origin.list,origin.list,2022-11-26 05:24:50.123664,bb9b3d4e2681a845668182a6
7960.wf,AVAILABILITY,origin.list,origin.list,2022-11-26 05:24:50.178045,bb9b3d4e2681a845668182a6
7960.yt,AVAILABILITY,origin.list,origin.list,2022-11-26 05:24:51.735309,bb9b3d4e2681a845668182a6
8000.pm,AVAILABILITY,origin.list,origin.list,2022-11-26 05:24:52.672342,bb9b3d4e2681a845668182a6
7976.fr,AVAILABILITY,origin.list,origin.list,2022-11-26 05:24:53.716128,bb9b3d4e2681a845668182a6
8035.wf,AVAILABILITY,origin.list,origin.list,2022-11-26 05:24:54.396477,bb9b3d4e2681a845668182a6
8050.yt,AVAILABILITY,origin.list,origin.list,2022-11-26 05:24:54.855290,bb9b3d4e2681a845668182a6
8053.yt,AVAILABILITY,origin.list,origin.list,2022-11-26 05:24:54.962365,bb9b3d4e2681a845668182a6
8074.wf,AVAILABILITY,origin.list,origin.list,2022-11-26 05:24:57.713292,bb9b3d4e2681a845668182a6
8141.yt,AVAILABILITY,origin.list,origin.list,2022-11-26 05:24:58.369714,bb9b3d4e2681a845668182a6
8136.tf,AVAILABILITY,origin.list,origin.list,2022-11-26 05:24:59.285350,bb9b3d4e2681a845668182a6
8167.yt,AVAILABILITY,origin.list,origin.list,2022-11-26 05:25:01.933382,bb9b3d4e2681a845668182a6
8222.wf,AVAILABILITY,origin.list,origin.list,2022-11-26 05:25:06.070635,bb9b3d4e2681a845668182a6
8131.wf,AVAILABILITY,origin.list,origin.list,2022-11-26 05:25:08.747470,bb9b3d4e2681a845668182a6
8228.pm,AVAILABILITY,origin.list,origin.list,2022-11-26 05:25:09.994630,bb9b3d4e2681a845668182a6
8162.wf,AVAILABILITY,origin.list,origin.list,2022-11-26 05:25:11.072647,bb9b3d4e2681a845668182a6
8174.yt,AVAILABILITY,origin.list,origin.list,2022-11-26 05:25:11.721857,bb9b3d4e2681a845668182a6
8234.yt,AVAILABILITY,origin.list,origin.list,2022-11-26 05:25:12.604029,bb9b3d4e2681a845668182a6
8037.wf,AVAILABILITY,origin.list,origin.list,2022-11-26 05:25:13.141051,bb9b3d4e2681a845668182a6
8250.pm,AVAILABILITY,origin.list,origin.list,2022-11-26 05:25:14.300535,bb9b3d4e2681a845668182a6
8264.fr,AVAILABILITY,origin.list,origin.list,2022-11-26 05:25:25.035653,bb9b3d4e2681a845668182a6
8275.yt,AVAILABILITY,origin.list,origin.list,2022-11-26 05:25:25.757761,bb9b3d4e2681a845668182a6
8266.wf,AVAILABILITY,origin.list,origin.list,2022-11-26 05:25:26.581666,bb9b3d4e2681a845668182a6
8273.yt,AVAILABILITY,origin.list,origin.list,2022-11-26 05:25:27.780940,bb9b3d4e2681a845668182a6
8309.fr,AVAILABILITY,origin.list,origin.list,2022-11-26 05:25:28.546732,bb9b3d4e2681a845668182a6
8326.wf,AVAILABILITY,origin.list,origin.list,2022-11-26 05:25:28.579340,bb9b3d4e2681a845668182a6
835.wf,AVAILABILITY,origin.list,origin.list,2022-11-26 05:25:32.677736,bb9b3d4e2681a845668182a6
8315.fr,AVAILABILITY,origin.list,origin.list,2022-11-26 05:25:34.437798,bb9b3d4e2681a845668182a6
8389.pm,AVAILABILITY,origin.list,origin.list,2022-11-26 05:25:36.895700,bb9b3d4e2681a845668182a6
8377.tf,AVAILABILITY,origin.list,origin.list,2022-11-26 05:25:37.231081,bb9b3d4e2681a845668182a6
8350.yt,AVAILABILITY,origin.list,origin.list,2022-11-26 05:25:39.819339,bb9b3d4e2681a845668182a6
8364.yt,AVAILABILITY,origin.list,origin.list,2022-11-26 05:25:42.073714,bb9b3d4e2681a845668182a6
8372.yt,AVAILABILITY,origin.list,origin.list,2022-11-26 05:25:42.104848,bb9b3d4e2681a845668182a6
8414.wf,AVAILABILITY,origin.list,origin.list,2022-11-26 05:25:46.198685,bb9b3d4e2681a845668182a6
8391.yt,AVAILABILITY,origin.list,origin.list,2022-11-26 05:25:50.383175,bb9b3d4e2681a845668182a6
8423.pm,AVAILABILITY,origin.list,origin.list,2022-11-26 05:25:51.778718,bb9b3d4e2681a845668182a6
8406.tf,AVAILABILITY,origin.list,origin.list,2022-11-26 05:25:52.111675,bb9b3d4e2681a845668182a6
8413.yt,AVAILABILITY,origin.list,origin.list,2022-11-26 05:25:53.981779,bb9b3d4e2681a845668182a6
8420.wf,AVAILABILITY,origin.list,origin.list,2022-11-26 05:25:54.516425,bb9b3d4e2681a845668182a6
8466.pm,AVAILABILITY,origin.list,origin.list,2022-11-26 05:25:55.471845,bb9b3d4e2681a845668182a6
8488.pm,AVAILABILITY,origin.list,origin.list,2022-11-26 05:25:58.149984,bb9b3d4e2681a845668182a6
8475.wf,AVAILABILITY,origin.list,origin.list,2022-11-26 05:25:58.273320,bb9b3d4e2681a845668182a6
8511.yt,AVAILABILITY,origin.list,origin.list,2022-11-26 05:26:00.556923,bb9b3d4e2681a845668182a6
8463.pm,AVAILABILITY,origin.list,origin.list,2022-11-26 05:26:03.910417,bb9b3d4e2681a845668182a6
8467.yt,AVAILABILITY,origin.list,origin.list,2022-11-26 05:26:05.013641,bb9b3d4e2681a845668182a6
8520.pm,AVAILABILITY,origin.list,origin.list,2022-11-26 05:26:07.974939,bb9b3d4e2681a845668182a6
8520.yt,AVAILABILITY,origin.list,origin.list,2022-11-26 05:26:08.991643,bb9b3d4e2681a845668182a6
8520.wf,AVAILABILITY,origin.list,origin.list,2022-11-26 05:26:09.365604,bb9b3d4e2681a845668182a6
8504.yt,AVAILABILITY,origin.list,origin.list,2022-11-26 05:26:09.598176,bb9b3d4e2681a845668182a6
8512.yt,AVAILABILITY,origin.list,origin.list,2022-11-26 05:26:11.065548,bb9b3d4e2681a845668182a6
8552.pm,AVAILABILITY,origin.list,origin.list,2022-11-26 05:26:13.705624,bb9b3d4e2681a845668182a6
8559.yt,AVAILABILITY,origin.list,origin.list,2022-11-26 05:26:15.296776,bb9b3d4e2681a845668182a6
8576.wf,AVAILABILITY,origin.list,origin.list,2022-11-26 05:26:18.144858,bb9b3d4e2681a845668182a6
8556.wf,AVAILABILITY,origin.list,origin.list,2022-11-26 05:26:23.361456,bb9b3d4e2681a845668182a6
8522.wf,AVAILABILITY,origin.list,origin.list,2022-11-26 05:26:23.550454,bb9b3d4e2681a845668182a6
8622.yt,AVAILABILITY,origin.list,origin.list,2022-11-26 05:26:26.074356,bb9b3d4e2681a845668182a6
8620.wf,AVAILABILITY,origin.list,origin.list,2022-11-26 05:26:26.187755,bb9b3d4e2681a845668182a6
8576.yt,AVAILABILITY,origin.list,origin.list,2022-11-26 05:26:27.728734,bb9b3d4e2681a845668182a6
8627.yt,AVAILABILITY,origin.list,origin.list,2022-11-26 05:26:29.304496,bb9b3d4e2681a845668182a6
8635.wf,AVAILABILITY,origin.list,origin.list,2022-11-26 05:26:30.658941,bb9b3d4e2681a845668182a6
8597.yt,AVAILABILITY,origin.list,origin.list,2022-11-26 05:26:31.451389,bb9b3d4e2681a845668182a6
8547.wf,AVAILABILITY,origin.list,origin.list,2022-11-26 05:26:31.590416,bb9b3d4e2681a845668182a6
8631.yt,AVAILABILITY,origin.list,origin.list,2022-11-26 05:26:32.200313,bb9b3d4e2681a845668182a6
8636.yt,AVAILABILITY,origin.list,origin.list,2022-11-26 05:26:33.551940,bb9b3d4e2681a845668182a6
8652.fr,AVAILABILITY,origin.list,origin.list,2022-11-26 05:26:34.636752,bb9b3d4e2681a845668182a6
8652.wf,AVAILABILITY,origin.list,origin.list,2022-11-26 05:26:35.426116,bb9b3d4e2681a845668182a6
8659.pm,AVAILABILITY,origin.list,origin.list,2022-11-26 05:26:36.990308,bb9b3d4e2681a845668182a6
8701.wf,AVAILABILITY,origin.list,origin.list,2022-11-26 05:26:39.514530,bb9b3d4e2681a845668182a6
8624.tf,AVAILABILITY,origin.list,origin.list,2022-11-26 05:26:39.911444,bb9b3d4e2681a845668182a6
8730.yt,AVAILABILITY,origin.list,origin.list,2022-11-26 05:26:42.853450,bb9b3d4e2681a845668182a6
8642.wf,AVAILABILITY,origin.list,origin.list,2022-11-26 05:26:44.861637,bb9b3d4e2681a845668182a6
8652.yt,AVAILABILITY,origin.list,origin.list,2022-11-26 05:26:45.309787,bb9b3d4e2681a845668182a6
8731.yt,AVAILABILITY,origin.list,origin.list,2022-11-26 05:26:48.171239,bb9b3d4e2681a845668182a6
8726.wf,AVAILABILITY,origin.list,origin.list,2022-11-26 05:26:48.664133,bb9b3d4e2681a845668182a6
8756.yt,AVAILABILITY,origin.list,origin.list,2022-11-26 05:26:49.128363,bb9b3d4e2681a845668182a6
8730.wf,AVAILABILITY,origin.list,origin.list,2022-11-26 05:26:52.378216,bb9b3d4e2681a845668182a6
8773.yt,AVAILABILITY,origin.list,origin.list,2022-11-26 05:26:52.617129,bb9b3d4e2681a845668182a6
8877.yt,AVAILABILITY,origin.list,origin.list,2022-11-26 05:26:55.366092,bb9b3d4e2681a845668182a6
8735.wf,AVAILABILITY,origin.list,origin.list,2022-11-26 05:26:56.596990,bb9b3d4e2681a845668182a6
8882.yt,AVAILABILITY,origin.list,origin.list,2022-11-26 05:26:57.083131,bb9b3d4e2681a845668182a6
88y.paris,AVAILABILITY,origin.list,origin.list,2022-11-26 05:26:59.203857,bb9b3d4e2681a845668182a6
8902.wf,AVAILABILITY,origin.list,origin.list,2022-11-26 05:26:59.542023,bb9b3d4e2681a845668182a6
8805.wf,AVAILABILITY,origin.list,origin.list,2022-11-26 05:27:01.346014,bb9b3d4e2681a845668182a6
8770.wf,AVAILABILITY,origin.list,origin.list,2022-11-26 05:27:01.886923,bb9b3d4e2681a845668182a6
8916.pm,AVAILABILITY,origin.list,origin.list,2022-11-26 05:27:02.398368,bb9b3d4e2681a845668182a6
8tracks.fr,AVAILABILITY,origin.list,origin.list,2022-11-26 05:27:03.405179,bb9b3d4e2681a845668182a6
8935.wf,AVAILABILITY,origin.list,origin.list,2022-11-26 05:27:13.039623,bb9b3d4e2681a845668182a6
8994.pm,AVAILABILITY,origin.list,origin.list,2022-11-26 05:27:13.261715,bb9b3d4e2681a845668182a6
8941.wf,AVAILABILITY,origin.list,origin.list,2022-11-26 05:27:13.615242,bb9b3d4e2681a845668182a6
905.wf,AVAILABILITY,origin.list,origin.list,2022-11-26 05:27:15.771774,bb9b3d4e2681a845668182a6
9030.yt,AVAILABILITY,origin.list,origin.list,2022-11-26 05:27:16.419604,bb9b3d4e2681a845668182a6
8909.wf,AVAILABILITY,origin.list,origin.list,2022-11-26 05:27:18.788520,bb9b3d4e2681a845668182a6
9091.wf,AVAILABILITY,origin.list,origin.list,2022-11-26 05:27:18.874252,bb9b3d4e2681a845668182a6
9126.pm,AVAILABILITY,origin.list,origin.list,2022-11-26 05:27:22.203390,bb9b3d4e2681a845668182a6
90175.yt,AVAILABILITY,origin.list,origin.list,2022-11-26 05:27:25.361332,bb9b3d4e2681a845668182a6
9158.pm,AVAILABILITY,origin.list,origin.list,2022-11-26 05:27:25.720052,bb9b3d4e2681a845668182a6
9013.tf,AVAILABILITY,origin.list,origin.list,2022-11-26 05:27:25.941508,bb9b3d4e2681a845668182a6
9066.yt,AVAILABILITY,origin.list,origin.list,2022-11-26 05:27:28.482397,bb9b3d4e2681a845668182a6
9188.yt,AVAILABILITY,origin.list,origin.list,2022-11-26 05:27:28.730032,bb9b3d4e2681a845668182a6
9186.yt,AVAILABILITY,origin.list,origin.list,2022-11-26 05:27:29.402403,bb9b3d4e2681a845668182a6
9189.yt,AVAILABILITY,origin.list,origin.list,2022-11-26 05:27:29.975033,bb9b3d4e2681a845668182a6
9190.yt,AVAILABILITY,origin.list,origin.list,2022-11-26 05:27:31.520575,bb9b3d4e2681a845668182a6
9191.tf,AVAILABILITY,origin.list,origin.list,2022-11-26 05:27:31.639053,bb9b3d4e2681a845668182a6
9216.pm,AVAILABILITY,origin.list,origin.list,2022-11-26 05:27:31.849259,bb9b3d4e2681a845668182a6
9153.wf,AVAILABILITY,origin.list,origin.list,2022-11-26 05:27:32.892233,bb9b3d4e2681a845668182a6
9235.pm,AVAILABILITY,origin.list,origin.list,2022-11-26 05:27:33.585904,bb9b3d4e2681a845668182a6
9284.yt,AVAILABILITY,origin.list,origin.list,2022-11-26 05:27:33.777584,bb9b3d4e2681a845668182a6
9255.tf,AVAILABILITY,origin.list,origin.list,2022-11-26 05:27:33.864947,bb9b3d4e2681a845668182a6
9295.pm,AVAILABILITY,origin.list,origin.list,2022-11-26 05:27:35.206531,bb9b3d4e2681a845668182a6
9317.pm,AVAILABILITY,origin.list,origin.list,2022-11-26 05:27:36.100733,bb9b3d4e2681a845668182a6
9357.yt,AVAILABILITY,origin.list,origin.list,2022-11-26 05:27:37.925812,bb9b3d4e2681a845668182a6
9386.pm,AVAILABILITY,origin.list,origin.list,2022-11-26 05:27:38.723689,bb9b3d4e2681a845668182a6
9315.wf,AVAILABILITY,origin.list,origin.list,2022-11-26 05:27:46.233720,bb9b3d4e2681a845668182a6
9384.wf,AVAILABILITY,origin.list,origin.list,2022-11-26 05:27:47.580470,bb9b3d4e2681a845668182a6
9410.pm,AVAILABILITY,origin.list,origin.list,2022-11-26 05:27:49.306658,bb9b3d4e2681a845668182a6
9395.wf,AVAILABILITY,origin.list,origin.list,2022-11-26 05:27:50.585056,bb9b3d4e2681a845668182a6
9396.wf,AVAILABILITY,origin.list,origin.list,2022-11-26 05:27:51.473689,bb9b3d4e2681a845668182a6
9447.pm,AVAILABILITY,origin.list,origin.list,2022-11-26 05:27:52.907082,bb9b3d4e2681a845668182a6
9484.pm,AVAILABILITY,origin.list,origin.list,2022-11-26 05:27:53.446379,bb9b3d4e2681a845668182a6
9272.wf,AVAILABILITY,origin.list,origin.list,2022-11-26 05:27:53.929973,bb9b3d4e2681a845668182a6
9490.pm,AVAILABILITY,origin.list,origin.list,2022-11-26 05:27:54.183895,bb9b3d4e2681a845668182a6
9524.yt,AVAILABILITY,origin.list,origin.list,2022-11-26 05:27:55.556094,bb9b3d4e2681a845668182a6
9523.pm,AVAILABILITY,origin.list,origin.list,2022-11-26 05:27:55.581293,bb9b3d4e2681a845668182a6
9529.wf,AVAILABILITY,origin.list,origin.list,2022-11-26 05:27:56.583133,bb9b3d4e2681a845668182a6
9553.pm,AVAILABILITY,origin.list,origin.list,2022-11-26 05:27:58.594145,bb9b3d4e2681a845668182a6
9400.yt,AVAILABILITY,origin.list,origin.list,2022-11-26 05:27:58.846375,bb9b3d4e2681a845668182a6
9573.pm,AVAILABILITY,origin.list,origin.list,2022-11-26 05:27:58.910756,bb9b3d4e2681a845668182a6
9540.pm,AVAILABILITY,origin.list,origin.list,2022-11-26 05:27:59.021633,bb9b3d4e2681a845668182a6
9583.pm,AVAILABILITY,origin.list,origin.list,2022-11-26 05:28:00.424667,bb9b3d4e2681a845668182a6
9622.wf,AVAILABILITY,origin.list,origin.list,2022-11-26 05:28:00.791861,bb9b3d4e2681a845668182a6
95.tf,AVAILABILITY,origin.list,origin.list,2022-11-26 05:28:01.482725,bb9b3d4e2681a845668182a6
9630.pm,AVAILABILITY,origin.list,origin.list,2022-11-26 05:28:01.841402,bb9b3d4e2681a845668182a6
9631.pm,AVAILABILITY,origin.list,origin.list,2022-11-26 05:28:02.671862,bb9b3d4e2681a845668182a6
9637.pm,AVAILABILITY,origin.list,origin.list,2022-11-26 05:28:03.275731,bb9b3d4e2681a845668182a6
9637.yt,AVAILABILITY,origin.list,origin.list,2022-11-26 05:28:04.826385,bb9b3d4e2681a845668182a6
9648.pm,AVAILABILITY,origin.list,origin.list,2022-11-26 05:28:05.145386,bb9b3d4e2681a845668182a6
9504.yt,AVAILABILITY,origin.list,origin.list,2022-11-26 05:28:05.513758,bb9b3d4e2681a845668182a6
9715.yt,AVAILABILITY,origin.list,origin.list,2022-11-26 05:28:07.752349,bb9b3d4e2681a845668182a6
9715.pm,AVAILABILITY,origin.list,origin.list,2022-11-26 05:28:08.511907,bb9b3d4e2681a845668182a6
9716.pm,AVAILABILITY,origin.list,origin.list,2022-11-26 05:28:09.670631,bb9b3d4e2681a845668182a6
9681.fr,AVAILABILITY,origin.list,origin.list,2022-11-26 05:28:12.055872,bb9b3d4e2681a845668182a6
9729.pm,AVAILABILITY,origin.list,origin.list,2022-11-26 05:28:13.489149,bb9b3d4e2681a845668182a6
9635.wf,AVAILABILITY,origin.list,origin.list,2022-11-26 05:28:13.838736,bb9b3d4e2681a845668182a6
9758.wf,AVAILABILITY,origin.list,origin.list,2022-11-26 05:28:14.162181,bb9b3d4e2681a845668182a6
9768.wf,AVAILABILITY,origin.list,origin.list,2022-11-26 05:28:15.351770,bb9b3d4e2681a845668182a6
9764.pm,AVAILABILITY,origin.list,origin.list,2022-11-26 05:28:15.838403,bb9b3d4e2681a845668182a6
9771.wf,AVAILABILITY,origin.list,origin.list,2022-11-26 05:28:15.934640,bb9b3d4e2681a845668182a6
9777.pm,AVAILABILITY,origin.list,origin.list,2022-11-26 05:28:16.794326,bb9b3d4e2681a845668182a6
9667.yt,AVAILABILITY,origin.list,origin.list,2022-11-26 05:28:16.900487,bb9b3d4e2681a845668182a6
9777.tf,AVAILABILITY,origin.list,origin.list,2022-11-26 05:28:17.766404,bb9b3d4e2681a845668182a6
9786.wf,AVAILABILITY,origin.list,origin.list,2022-11-26 05:28:18.535203,bb9b3d4e2681a845668182a6
9816.wf,AVAILABILITY,origin.list,origin.list,2022-11-26 05:28:19.758333,bb9b3d4e2681a845668182a6
9817.wf,AVAILABILITY,origin.list,origin.list,2022-11-26 05:28:20.058169,bb9b3d4e2681a845668182a6
9817.yt,AVAILABILITY,origin.list,origin.list,2022-11-26 05:28:20.136288,bb9b3d4e2681a845668182a6
9791.wf,AVAILABILITY,origin.list,origin.list,2022-11-26 05:28:28.103295,bb9b3d4e2681a845668182a6
9728.wf,AVAILABILITY,origin.list,origin.list,2022-11-26 05:28:30.079536,bb9b3d4e2681a845668182a6
9871.pm,AVAILABILITY,origin.list,origin.list,2022-11-26 05:28:32.011394,bb9b3d4e2681a845668182a6
98zr.yt,AVAILABILITY,origin.list,origin.list,2022-11-26 05:28:32.458160,bb9b3d4e2681a845668182a6
9907.wf,AVAILABILITY,origin.list,origin.list,2022-11-26 05:28:32.819275,bb9b3d4e2681a845668182a6
9920.wf,AVAILABILITY,origin.list,origin.list,2022-11-26 05:28:33.404993,bb9b3d4e2681a845668182a6
9950.tf,AVAILABILITY,origin.list,origin.list,2022-11-26 05:28:35.486855,bb9b3d4e2681a845668182a6
9969.pm,AVAILABILITY,origin.list,origin.list,2022-11-26 05:28:35.682140,bb9b3d4e2681a845668182a6
9956.wf,AVAILABILITY,origin.list,origin.list,2022-11-26 05:28:35.712442,bb9b3d4e2681a845668182a6
9990.pm,AVAILABILITY,origin.list,origin.list,2022-11-26 05:28:37.517890,bb9b3d4e2681a845668182a6
9993.pm,AVAILABILITY,origin.list,origin.list,2022-11-26 05:28:38.152363,bb9b3d4e2681a845668182a6
a2a-ascenceurs.fr,AVAILABILITY,origin.list,origin.list,2022-11-26 05:28:39.449895,bb9b3d4e2681a845668182a6
9995.pm,AVAILABILITY,origin.list,origin.list,2022-11-26 05:28:39.688888,bb9b3d4e2681a845668182a6
9914.pm,AVAILABILITY,origin.list,origin.list,2022-11-26 05:28:40.301820,bb9b3d4e2681a845668182a6
aaam.fr,AVAILABILITY,origin.list,origin.list,2022-11-26 05:28:40.775592,bb9b3d4e2681a845668182a6
aac-lyon.fr,AVAILABILITY,origin.list,origin.list,2022-11-26 05:28:41.179256,bb9b3d4e2681a845668182a6
aacom.fr,AVAILABILITY,origin.list,origin.list,2022-11-26 05:28:42.040453,bb9b3d4e2681a845668182a6
aalocine.fr,AVAILABILITY,origin.list,origin.list,2022-11-26 05:28:42.049355,bb9b3d4e2681a845668182a6
aaos.fr,AVAILABILITY,origin.list,origin.list,2022-11-26 05:28:43.162697,bb9b3d4e2681a845668182a6
aamazone.fr,AVAILABILITY,origin.list,origin.list,2022-11-26 05:28:43.282001,bb9b3d4e2681a845668182a6
aaon.fr,AVAILABILITY,origin.list,origin.list,2022-11-26 05:28:43.365318,bb9b3d4e2681a845668182a6
aassniper98.fr,AVAILABILITY,origin.list,origin.list,2022-11-26 05:28:44.523807,bb9b3d4e2681a845668182a6
abchina.fr,AVAILABILITY,origin.list,origin.list,2022-11-26 05:28:44.763638,bb9b3d4e2681a845668182a6
9929.yt,AVAILABILITY,origin.list,origin.list,2022-11-26 05:28:44.897601,bb9b3d4e2681a845668182a6
abo-netflx.fr,AVAILABILITY,origin.list,origin.list,2022-11-26 05:28:45.467795,bb9b3d4e2681a845668182a6
abonnement-actif.fr,AVAILABILITY,origin.list,origin.list,2022-11-26 05:28:45.790953,bb9b3d4e2681a845668182a6
abonnement-compte.fr,AVAILABILITY,origin.list,origin.list,2022-11-26 05:28:46.528469,bb9b3d4e2681a845668182a6
abonnement-coriolis.fr,AVAILABILITY,origin.list,origin.list,2022-11-26 05:28:46.958147,bb9b3d4e2681a845668182a6
abonnement-disney.fr,AVAILABILITY,origin.list,origin.list,2022-11-26 05:28:47.496591,bb9b3d4e2681a845668182a6
abonnement-impayer.fr,AVAILABILITY,origin.list,origin.list,2022-11-26 05:28:48.230344,bb9b3d4e2681a845668182a6
9989.yt,AVAILABILITY,origin.list,origin.list,2022-11-26 05:28:48.233595,bb9b3d4e2681a845668182a6
abobemax.fr,AVAILABILITY,origin.list,origin.list,2022-11-26 05:28:48.529258,bb9b3d4e2681a845668182a6
abonnement-renouvellement.fr,AVAILABILITY,origin.list,origin.list,2022-11-26 05:28:49.555674,bb9b3d4e2681a845668182a6
abonnement-restriction.fr,AVAILABILITY,origin.list,origin.list,2022-11-26 05:28:50.078475,bb9b3d4e2681a845668182a6
abonnement-netfiix.fr,AVAILABILITY,origin.list,origin.list,2022-11-26 05:28:50.130370,bb9b3d4e2681a845668182a6
abonnement-regularisation.fr,AVAILABILITY,origin.list,origin.list,2022-11-26 05:28:50.633618,bb9b3d4e2681a845668182a6
abonnements-client.fr,AVAILABILITY,origin.list,origin.list,2022-11-26 05:28:51.317791,bb9b3d4e2681a845668182a6
abonnement-suspension.fr,AVAILABILITY,origin.list,origin.list,2022-11-26 05:28:51.515285,bb9b3d4e2681a845668182a6
abonnements-netflix.fr,AVAILABILITY,origin.list,origin.list,2022-11-26 05:28:51.766994,bb9b3d4e2681a845668182a6
abonnements-services.fr,AVAILABILITY,origin.list,origin.list,2022-11-26 05:28:52.483480,bb9b3d4e2681a845668182a6
abonner-insta.fr,AVAILABILITY,origin.list,origin.list,2022-11-26 05:28:52.998624,bb9b3d4e2681a845668182a6
abpmp.fr,AVAILABILITY,origin.list,origin.list,2022-11-26 05:28:53.072519,bb9b3d4e2681a845668182a6
aboweb.fr,AVAILABILITY,origin.list,origin.list,2022-11-26 05:28:53.573439,bb9b3d4e2681a845668182a6
abridecamarque.fr,AVAILABILITY,origin.list,origin.list,2022-11-26 05:28:54.287161,bb9b3d4e2681a845668182a6
