idna_subject,checker_type,destination,tested_at
00308.yt,AVAILABILITY,origin.list,2022-10-30 09:51:25.380494
0889.yt,AVAILABILITY,origin.list,2022-10-30 09:51:28.767602
1038.yt,AVAILABILITY,origin.list,2022-10-30 09:51:30.116652
1059.yt,AVAILABILITY,origin.list,2022-10-30 09:51:30.693503
1093.yt,AVAILABILITY,origin.list,2022-10-30 09:51:30.722217
1094.yt,AVAILABILITY,origin.list,2022-10-30 09:51:31.540045
1138.yt,AVAILABILITY,origin.list,2022-10-30 09:51:32.152549
1130.yt,AVAILABILITY,origin.list,2022-10-30 09:51:32.315276
1173.yt,AVAILABILITY,origin.list,2022-10-30 09:51:33.186028
1177.yt,AVAILABILITY,origin.list,2022-10-30 09:51:33.856447
1188.yt,AVAILABILITY,origin.list,2022-10-30 09:51:34.084268
12346.yt,AVAILABILITY,origin.list,2022-10-30 09:51:35.043345
1292.yt,AVAILABILITY,origin.list,2022-10-30 09:51:36.388221
1312.yt,AVAILABILITY,origin.list,2022-10-30 09:51:37.694463
1313.yt,AVAILABILITY,origin.list,2022-10-30 09:51:37.740350
1315.yt,AVAILABILITY,origin.list,2022-10-30 09:51:40.882421
1344.yt,AVAILABILITY,origin.list,2022-10-30 09:51:47.437312
1368.yt,AVAILABILITY,origin.list,2022-10-30 09:51:53.788276
13737.yt,AVAILABILITY,origin.list,2022-10-30 09:51:54.287644
14534.yt,AVAILABILITY,origin.list,2022-10-30 09:51:59.009370
1477.yt,AVAILABILITY,origin.list,2022-10-30 09:52:00.225734
1498.yt,AVAILABILITY,origin.list,2022-10-30 09:52:01.828334
1562.yt,AVAILABILITY,origin.list,2022-10-30 09:52:09.931256
1583.yt,AVAILABILITY,origin.list,2022-10-30 09:52:11.910753
1594.yt,AVAILABILITY,origin.list,2022-10-30 09:52:13.318549
1615.yt,AVAILABILITY,origin.list,2022-10-30 09:52:16.656450
1646.yt,AVAILABILITY,origin.list,2022-10-30 09:52:23.537633
1649.yt,AVAILABILITY,origin.list,2022-10-30 09:52:24.805039
1652.yt,AVAILABILITY,origin.list,2022-10-30 09:52:26.011662
1800.yt,AVAILABILITY,origin.list,2022-10-30 09:52:33.596063
1811.yt,AVAILABILITY,origin.list,2022-10-30 09:52:34.167746
1818.yt,AVAILABILITY,origin.list,2022-10-30 09:52:35.042622
1855.yt,AVAILABILITY,origin.list,2022-10-30 09:52:40.294669
1892.yt,AVAILABILITY,origin.list,2022-10-30 09:52:43.137264
1902.yt,AVAILABILITY,origin.list,2022-10-30 09:52:43.841252
1925.yt,AVAILABILITY,origin.list,2022-10-30 09:52:45.286281
1983.yt,AVAILABILITY,origin.list,2022-10-30 09:52:45.494294
1creditmutueel.fr,AVAILABILITY,origin.list,2022-10-30 09:52:47.019823
1creedit-mutueel.fr,AVAILABILITY,origin.list,2022-10-30 09:52:47.077431
1monpay-pal.fr,AVAILABILITY,origin.list,2022-10-30 09:52:48.330553
2022-ameli-ma-carte.fr,AVAILABILITY,origin.list,2022-10-30 09:52:49.457353
2027.yt,AVAILABILITY,origin.list,2022-10-30 09:52:51.870171
2084.yt,AVAILABILITY,origin.list,2022-10-30 09:53:01.555117
2124.yt,AVAILABILITY,origin.list,2022-10-30 09:53:06.757945
21373.yt,AVAILABILITY,origin.list,2022-10-30 09:53:08.202642
2136.yt,AVAILABILITY,origin.list,2022-10-30 09:53:08.221013
2199.yt,AVAILABILITY,origin.list,2022-10-30 09:53:20.761624
2226.yt,AVAILABILITY,origin.list,2022-10-30 09:53:22.518161
2258.yt,AVAILABILITY,origin.list,2022-10-30 09:53:23.887573
2264.yt,AVAILABILITY,origin.list,2022-10-30 09:53:25.369665
22888.yt,AVAILABILITY,origin.list,2022-10-30 09:53:26.800702
2309.yt,AVAILABILITY,origin.list,2022-10-30 09:53:27.702517
2312.yt,AVAILABILITY,origin.list,2022-10-30 09:53:28.304793
2335.yt,AVAILABILITY,origin.list,2022-10-30 09:53:29.737912
2336.yt,AVAILABILITY,origin.list,2022-10-30 09:53:39.948207
2382.yt,AVAILABILITY,origin.list,2022-10-30 09:53:55.845914
23912.yt,AVAILABILITY,origin.list,2022-10-30 09:53:56.294709
2392.yt,AVAILABILITY,origin.list,2022-10-30 09:53:57.012159
2475.yt,AVAILABILITY,origin.list,2022-10-30 09:53:59.363926
2480.yt,AVAILABILITY,origin.list,2022-10-30 09:54:00.798342
2577.yt,AVAILABILITY,origin.list,2022-10-30 09:54:23.541539
2612.yt,AVAILABILITY,origin.list,2022-10-30 09:54:24.654691
2615.yt,AVAILABILITY,origin.list,2022-10-30 09:54:25.068825
2639.yt,AVAILABILITY,origin.list,2022-10-30 09:54:26.616041
2693.yt,AVAILABILITY,origin.list,2022-10-30 09:54:34.841930
2724.yt,AVAILABILITY,origin.list,2022-10-30 09:54:37.204589
2725.yt,AVAILABILITY,origin.list,2022-10-30 09:54:37.333779
2788.yt,AVAILABILITY,origin.list,2022-10-30 09:54:55.293530
28241.yt,AVAILABILITY,origin.list,2022-10-30 09:54:55.527657
2858.yt,AVAILABILITY,origin.list,2022-10-30 09:54:56.666128
2870.yt,AVAILABILITY,origin.list,2022-10-30 09:54:56.858636
2895.yt,AVAILABILITY,origin.list,2022-10-30 09:54:57.986490
2938.yt,AVAILABILITY,origin.list,2022-10-30 09:54:58.542691
2leboncoin.fr,AVAILABILITY,origin.list,2022-10-30 09:55:01.810437
3011.yt,AVAILABILITY,origin.list,2022-10-30 09:55:25.498569
3016.yt,AVAILABILITY,origin.list,2022-10-30 09:55:25.974596
3065.yt,AVAILABILITY,origin.list,2022-10-30 09:55:26.848486
3069.yt,AVAILABILITY,origin.list,2022-10-30 09:55:27.169353
3103.yt,AVAILABILITY,origin.list,2022-10-30 09:55:28.479371
3151.yt,AVAILABILITY,origin.list,2022-10-30 09:55:40.002003
3266.yt,AVAILABILITY,origin.list,2022-10-30 09:56:01.698392
3270.yt,AVAILABILITY,origin.list,2022-10-30 09:56:03.828788
3302.yt,AVAILABILITY,origin.list,2022-10-30 09:56:07.742390
3308.yt,AVAILABILITY,origin.list,2022-10-30 09:56:08.366964
3316.yt,AVAILABILITY,origin.list,2022-10-30 09:56:08.967473
33322.yt,AVAILABILITY,origin.list,2022-10-30 09:56:10.025020
33666.yt,AVAILABILITY,origin.list,2022-10-30 09:56:14.694833
3365.yt,AVAILABILITY,origin.list,2022-10-30 09:56:14.841304
3403.yt,AVAILABILITY,origin.list,2022-10-30 09:56:16.268924
3418.yt,AVAILABILITY,origin.list,2022-10-30 09:56:17.776665
3433.yt,AVAILABILITY,origin.list,2022-10-30 09:56:17.881976
3475.yt,AVAILABILITY,origin.list,2022-10-30 09:56:24.249909
3500.yt,AVAILABILITY,origin.list,2022-10-30 09:56:25.962141
3525.yt,AVAILABILITY,origin.list,2022-10-30 09:56:30.290825
3522.yt,AVAILABILITY,origin.list,2022-10-30 09:56:30.420662
3564.yt,AVAILABILITY,origin.list,2022-10-30 09:56:31.686528
3608.yt,AVAILABILITY,origin.list,2022-10-30 09:56:37.397773
3611.yt,AVAILABILITY,origin.list,2022-10-30 09:56:39.014494
3632.yt,AVAILABILITY,origin.list,2022-10-30 09:56:46.766054
3636.yt,AVAILABILITY,origin.list,2022-10-30 09:56:48.180431
3661.yt,AVAILABILITY,origin.list,2022-10-30 09:56:55.052823
3730.yt,AVAILABILITY,origin.list,2022-10-30 09:57:07.549052
3761.yt,AVAILABILITY,origin.list,2022-10-30 09:57:14.015752
3765.yt,AVAILABILITY,origin.list,2022-10-30 09:57:15.242681
3804.yt,AVAILABILITY,origin.list,2022-10-30 09:57:19.758835
38281.yt,AVAILABILITY,origin.list,2022-10-30 09:57:24.580436
3881.yt,AVAILABILITY,origin.list,2022-10-30 09:57:26.494363
3951.yt,AVAILABILITY,origin.list,2022-10-30 09:57:28.083468
3953.yt,AVAILABILITY,origin.list,2022-10-30 09:57:29.439753
4080.yt,AVAILABILITY,origin.list,2022-10-30 09:57:38.617821
4237.yt,AVAILABILITY,origin.list,2022-10-30 09:57:46.133752
4263.yt,AVAILABILITY,origin.list,2022-10-30 09:57:49.258686
4267.yt,AVAILABILITY,origin.list,2022-10-30 09:57:50.486765
4284.yt,AVAILABILITY,origin.list,2022-10-30 09:57:50.841682
4292.yt,AVAILABILITY,origin.list,2022-10-30 09:57:52.079831
4355.yt,AVAILABILITY,origin.list,2022-10-30 09:57:53.518432
4391.yt,AVAILABILITY,origin.list,2022-10-30 09:57:53.544340
44112.yt,AVAILABILITY,origin.list,2022-10-30 09:57:54.881513
4413.yt,AVAILABILITY,origin.list,2022-10-30 09:57:55.128244
4445.yt,AVAILABILITY,origin.list,2022-10-30 09:57:56.344306
4454.yt,AVAILABILITY,origin.list,2022-10-30 09:57:57.046344
4466.yt,AVAILABILITY,origin.list,2022-10-30 09:57:58.546820
4477.yt,AVAILABILITY,origin.list,2022-10-30 09:57:58.636720
4504.yt,AVAILABILITY,origin.list,2022-10-30 09:57:59.868301
4488.yt,AVAILABILITY,origin.list,2022-10-30 09:58:00.028744
4557.yt,AVAILABILITY,origin.list,2022-10-30 09:58:02.903574
4647.yt,AVAILABILITY,origin.list,2022-10-30 09:58:15.877334
4661.yt,AVAILABILITY,origin.list,2022-10-30 09:58:17.254393
4694.yt,AVAILABILITY,origin.list,2022-10-30 09:58:25.466407
4703.yt,AVAILABILITY,origin.list,2022-10-30 09:58:28.143158
4773.yt,AVAILABILITY,origin.list,2022-10-30 09:58:31.950814
48056.yt,AVAILABILITY,origin.list,2022-10-30 09:58:33.618027
4814.yt,AVAILABILITY,origin.list,2022-10-30 09:58:35.100111
4843.yt,AVAILABILITY,origin.list,2022-10-30 09:58:50.662843
4898.yt,AVAILABILITY,origin.list,2022-10-30 09:58:54.330742
4960.yt,AVAILABILITY,origin.list,2022-10-30 09:58:58.035113
4971.yt,AVAILABILITY,origin.list,2022-10-30 09:58:58.243381
50220.yt,AVAILABILITY,origin.list,2022-10-30 09:59:04.626978
5060.yt,AVAILABILITY,origin.list,2022-10-30 09:59:06.401940
5077.yt,AVAILABILITY,origin.list,2022-10-30 09:59:09.101756
5088.yt,AVAILABILITY,origin.list,2022-10-30 09:59:10.606494
51068.yt,AVAILABILITY,origin.list,2022-10-30 09:59:12.027881
5132.yt,AVAILABILITY,origin.list,2022-10-30 09:59:17.217723
5148.yt,AVAILABILITY,origin.list,2022-10-30 09:59:20.008995
5152.yt,AVAILABILITY,origin.list,2022-10-30 09:59:20.941175
5205.yt,AVAILABILITY,origin.list,2022-10-30 09:59:35.150149
5212.yt,AVAILABILITY,origin.list,2022-10-30 09:59:36.020564
5216.yt,AVAILABILITY,origin.list,2022-10-30 09:59:36.602104
5232.yt,AVAILABILITY,origin.list,2022-10-30 09:59:37.464386
5302.yt,AVAILABILITY,origin.list,2022-10-30 09:59:41.579896
5482.yt,AVAILABILITY,origin.list,2022-10-30 10:00:05.431987
54347.yt,AVAILABILITY,origin.list,2022-10-30 10:00:05.535949
55223.yt,AVAILABILITY,origin.list,2022-10-30 10:00:07.079135
5539.yt,AVAILABILITY,origin.list,2022-10-30 10:00:08.532778
55522.yt,AVAILABILITY,origin.list,2022-10-30 10:00:09.864312
55779.yt,AVAILABILITY,origin.list,2022-10-30 10:00:11.470276
5586.yt,AVAILABILITY,origin.list,2022-10-30 10:00:11.739437
5604.yt,AVAILABILITY,origin.list,2022-10-30 10:00:20.043022
5687.yt,AVAILABILITY,origin.list,2022-10-30 10:00:27.588949
5688.yt,AVAILABILITY,origin.list,2022-10-30 10:00:27.959283
5690.yt,AVAILABILITY,origin.list,2022-10-30 10:00:29.018195
5722.yt,AVAILABILITY,origin.list,2022-10-30 10:00:31.042022
5728.yt,AVAILABILITY,origin.list,2022-10-30 10:00:32.341664
5779.yt,AVAILABILITY,origin.list,2022-10-30 10:00:34.617990
5780.yt,AVAILABILITY,origin.list,2022-10-30 10:00:35.377058
5781.yt,AVAILABILITY,origin.list,2022-10-30 10:00:36.700448
5804.yt,AVAILABILITY,origin.list,2022-10-30 10:00:41.264136
5814.yt,AVAILABILITY,origin.list,2022-10-30 10:00:42.190684
5883.yt,AVAILABILITY,origin.list,2022-10-30 10:00:49.655774
5907.yt,AVAILABILITY,origin.list,2022-10-30 10:00:52.500397
5935.yt,AVAILABILITY,origin.list,2022-10-30 10:00:55.007402
5969.yt,AVAILABILITY,origin.list,2022-10-30 10:00:55.192373
6019.yt,AVAILABILITY,origin.list,2022-10-30 10:00:57.931902
6114.yt,AVAILABILITY,origin.list,2022-10-30 10:01:08.551427
6129.yt,AVAILABILITY,origin.list,2022-10-30 10:01:10.607955
6157.yt,AVAILABILITY,origin.list,2022-10-30 10:01:17.862084
6220.yt,AVAILABILITY,origin.list,2022-10-30 10:01:28.654888
6221.yt,AVAILABILITY,origin.list,2022-10-30 10:01:29.613204
6270.yt,AVAILABILITY,origin.list,2022-10-30 10:01:33.359121
6272.yt,AVAILABILITY,origin.list,2022-10-30 10:01:34.669366
63233.yt,AVAILABILITY,origin.list,2022-10-30 10:01:43.498254
6361.yt,AVAILABILITY,origin.list,2022-10-30 10:01:44.898688
6392.yt,AVAILABILITY,origin.list,2022-10-30 10:01:49.416355
64636.yt,AVAILABILITY,origin.list,2022-10-30 10:01:55.027959
6468.yt,AVAILABILITY,origin.list,2022-10-30 10:01:56.486353
6491.yt,AVAILABILITY,origin.list,2022-10-30 10:01:59.516474
6493.yt,AVAILABILITY,origin.list,2022-10-30 10:02:00.852120
6502.yt,AVAILABILITY,origin.list,2022-10-30 10:02:01.944752
6526.yt,AVAILABILITY,origin.list,2022-10-30 10:02:03.354210
65972.yt,AVAILABILITY,origin.list,2022-10-30 10:02:17.331725
6608.yt,AVAILABILITY,origin.list,2022-10-30 10:02:17.918916
6603.yt,AVAILABILITY,origin.list,2022-10-30 10:02:18.218381
66333.yt,AVAILABILITY,origin.list,2022-10-30 10:02:19.668526
6640.yt,AVAILABILITY,origin.list,2022-10-30 10:02:20.315336
66997.yt,AVAILABILITY,origin.list,2022-10-30 10:02:23.980886
67944.yt,AVAILABILITY,origin.list,2022-10-30 10:02:37.129964
6794.yt,AVAILABILITY,origin.list,2022-10-30 10:02:38.390209
6805.yt,AVAILABILITY,origin.list,2022-10-30 10:02:39.571355
6825.yt,AVAILABILITY,origin.list,2022-10-30 10:02:40.600840
6858.yt,AVAILABILITY,origin.list,2022-10-30 10:02:41.023067
6872.yt,AVAILABILITY,origin.list,2022-10-30 10:02:42.580641
6879.yt,AVAILABILITY,origin.list,2022-10-30 10:02:44.156450
6901.yt,AVAILABILITY,origin.list,2022-10-30 10:02:52.105573
69185.yt,AVAILABILITY,origin.list,2022-10-30 10:02:53.576933
6925.yt,AVAILABILITY,origin.list,2022-10-30 10:02:54.224139
6943.yt,AVAILABILITY,origin.list,2022-10-30 10:02:54.707211
6948.yt,AVAILABILITY,origin.list,2022-10-30 10:02:55.187888
6972.yt,AVAILABILITY,origin.list,2022-10-30 10:03:07.694736
6984.yt,AVAILABILITY,origin.list,2022-10-30 10:03:07.850404
6995.yt,AVAILABILITY,origin.list,2022-10-30 10:03:08.251886
7018.yt,AVAILABILITY,origin.list,2022-10-30 10:03:19.231104
7034.yt,AVAILABILITY,origin.list,2022-10-30 10:03:20.730770
7056.yt,AVAILABILITY,origin.list,2022-10-30 10:03:21.761369
7066.yt,AVAILABILITY,origin.list,2022-10-30 10:03:22.582753
7100.yt,AVAILABILITY,origin.list,2022-10-30 10:03:22.629574
7186.yt,AVAILABILITY,origin.list,2022-10-30 10:03:25.980537
7194.yt,AVAILABILITY,origin.list,2022-10-30 10:03:26.822856
7214.yt,AVAILABILITY,origin.list,2022-10-30 10:03:28.175617
7223.yt,AVAILABILITY,origin.list,2022-10-30 10:03:29.473156
7228.yt,AVAILABILITY,origin.list,2022-10-30 10:03:29.753387
7301.yt,AVAILABILITY,origin.list,2022-10-30 10:03:41.645486
7338.yt,AVAILABILITY,origin.list,2022-10-30 10:03:47.396941
7347.yt,AVAILABILITY,origin.list,2022-10-30 10:03:50.057531
7351.yt,AVAILABILITY,origin.list,2022-10-30 10:03:52.123225
7377.yt,AVAILABILITY,origin.list,2022-10-30 10:03:54.185132
7556.yt,AVAILABILITY,origin.list,2022-10-30 10:04:10.705140
7577.yt,AVAILABILITY,origin.list,2022-10-30 10:04:12.185649
75863.yt,AVAILABILITY,origin.list,2022-10-30 10:04:13.744210
7655.yt,AVAILABILITY,origin.list,2022-10-30 10:04:32.413711
7709.yt,AVAILABILITY,origin.list,2022-10-30 10:04:36.496817
7719.yt,AVAILABILITY,origin.list,2022-10-30 10:04:38.964935
7722.yt,AVAILABILITY,origin.list,2022-10-30 10:04:40.522870
7728.yt,AVAILABILITY,origin.list,2022-10-30 10:04:42.042124
7742.yt,AVAILABILITY,origin.list,2022-10-30 10:04:42.149231
7768.yt,AVAILABILITY,origin.list,2022-10-30 10:04:43.625011
77755.yt,AVAILABILITY,origin.list,2022-10-30 10:04:46.383251
7776.yt,AVAILABILITY,origin.list,2022-10-30 10:04:46.630662
7807.yt,AVAILABILITY,origin.list,2022-10-30 10:04:47.850378
7847.yt,AVAILABILITY,origin.list,2022-10-30 10:04:49.439241
7910.yt,AVAILABILITY,origin.list,2022-10-30 10:04:57.140993
7963.yt,AVAILABILITY,origin.list,2022-10-30 10:05:01.779495
8009.yt,AVAILABILITY,origin.list,2022-10-30 10:05:05.792773
8103.yt,AVAILABILITY,origin.list,2022-10-30 10:05:08.442957
8106.yt,AVAILABILITY,origin.list,2022-10-30 10:05:09.873404
8117.yt,AVAILABILITY,origin.list,2022-10-30 10:05:09.948909
81214.yt,AVAILABILITY,origin.list,2022-10-30 10:05:11.170982
8177.yt,AVAILABILITY,origin.list,2022-10-30 10:05:20.372254
8217.yt,AVAILABILITY,origin.list,2022-10-30 10:05:21.692985
8241.yt,AVAILABILITY,origin.list,2022-10-30 10:05:24.681256
8260.yt,AVAILABILITY,origin.list,2022-10-30 10:05:25.313622
8308.yt,AVAILABILITY,origin.list,2022-10-30 10:05:27.727311
8318.yt,AVAILABILITY,origin.list,2022-10-30 10:05:34.094296
83883.yt,AVAILABILITY,origin.list,2022-10-30 10:05:39.321716
8446.yt,AVAILABILITY,origin.list,2022-10-30 10:05:49.895110
8499.yt,AVAILABILITY,origin.list,2022-10-30 10:05:54.806622
8517.yt,AVAILABILITY,origin.list,2022-10-30 10:05:57.367092
8518.yt,AVAILABILITY,origin.list,2022-10-30 10:05:58.837084
8546.yt,AVAILABILITY,origin.list,2022-10-30 10:06:02.676955
8637.yt,AVAILABILITY,origin.list,2022-10-30 10:06:14.380388
8659.yt,AVAILABILITY,origin.list,2022-10-30 10:06:20.947411
8660.yt,AVAILABILITY,origin.list,2022-10-30 10:06:21.342144
8671.yt,AVAILABILITY,origin.list,2022-10-30 10:06:22.399103
8668.yt,AVAILABILITY,origin.list,2022-10-30 10:06:22.619566
8728.yt,AVAILABILITY,origin.list,2022-10-30 10:06:24.005289
8761.yt,AVAILABILITY,origin.list,2022-10-30 10:06:29.544951
8762.yt,AVAILABILITY,origin.list,2022-10-30 10:06:30.018341
8816.yt,AVAILABILITY,origin.list,2022-10-30 10:06:34.855726
8824.yt,AVAILABILITY,origin.list,2022-10-30 10:06:35.462965
88444.yt,AVAILABILITY,origin.list,2022-10-30 10:06:36.242682
8848.yt,AVAILABILITY,origin.list,2022-10-30 10:06:36.707562
8861.yt,AVAILABILITY,origin.list,2022-10-30 10:06:37.671438
8867.yt,AVAILABILITY,origin.list,2022-10-30 10:06:38.083927
88663.yt,AVAILABILITY,origin.list,2022-10-30 10:06:38.146278
8869.yt,AVAILABILITY,origin.list,2022-10-30 10:06:39.041320
8905.yt,AVAILABILITY,origin.list,2022-10-30 10:06:41.045202
8937.yt,AVAILABILITY,origin.list,2022-10-30 10:06:43.707998
8940.yt,AVAILABILITY,origin.list,2022-10-30 10:06:44.077649
9096.yt,AVAILABILITY,origin.list,2022-10-30 10:06:59.721640
9099.yt,AVAILABILITY,origin.list,2022-10-30 10:07:01.035593
9101.yt,AVAILABILITY,origin.list,2022-10-30 10:07:02.560208
9146.yt,AVAILABILITY,origin.list,2022-10-30 10:07:04.179677
9160.yt,AVAILABILITY,origin.list,2022-10-30 10:07:05.645455
9161.yt,AVAILABILITY,origin.list,2022-10-30 10:07:06.823557
9163.yt,AVAILABILITY,origin.list,2022-10-30 10:07:07.070546
9165.yt,AVAILABILITY,origin.list,2022-10-30 10:07:07.717728
9166.yt,AVAILABILITY,origin.list,2022-10-30 10:07:07.811268
9167.yt,AVAILABILITY,origin.list,2022-10-30 10:07:08.169573
9168.yt,AVAILABILITY,origin.list,2022-10-30 10:07:08.360703
9169.yt,AVAILABILITY,origin.list,2022-10-30 10:07:09.086522
9171.yt,AVAILABILITY,origin.list,2022-10-30 10:07:09.282304
9172.yt,AVAILABILITY,origin.list,2022-10-30 10:07:09.656314
9173.yt,AVAILABILITY,origin.list,2022-10-30 10:07:09.832693
9174.yt,AVAILABILITY,origin.list,2022-10-30 10:07:10.638366
9175.yt,AVAILABILITY,origin.list,2022-10-30 10:07:10.753230
9176.yt,AVAILABILITY,origin.list,2022-10-30 10:07:11.226674
9177.yt,AVAILABILITY,origin.list,2022-10-30 10:07:11.265388
9179.yt,AVAILABILITY,origin.list,2022-10-30 10:07:12.013785
9178.yt,AVAILABILITY,origin.list,2022-10-30 10:07:12.092002
9181.yt,AVAILABILITY,origin.list,2022-10-30 10:07:12.505089
9180.yt,AVAILABILITY,origin.list,2022-10-30 10:07:12.592541
9183.yt,AVAILABILITY,origin.list,2022-10-30 10:07:13.400118
9185.yt,AVAILABILITY,origin.list,2022-10-30 10:07:13.458683
9187.yt,AVAILABILITY,origin.list,2022-10-30 10:07:13.979233
9200.yt,AVAILABILITY,origin.list,2022-10-30 10:07:15.725677
9216.yt,AVAILABILITY,origin.list,2022-10-30 10:07:16.067609
9254.yt,AVAILABILITY,origin.list,2022-10-30 10:07:17.651856
9318.yt,AVAILABILITY,origin.list,2022-10-30 10:07:19.250075
9321.yt,AVAILABILITY,origin.list,2022-10-30 10:07:19.750191
9325.yt,AVAILABILITY,origin.list,2022-10-30 10:07:20.440470
9326.yt,AVAILABILITY,origin.list,2022-10-30 10:07:20.693336
93329.yt,AVAILABILITY,origin.list,2022-10-30 10:07:21.035107
9396.yt,AVAILABILITY,origin.list,2022-10-30 10:07:24.955518
9424.yt,AVAILABILITY,origin.list,2022-10-30 10:07:30.085212
9469.yt,AVAILABILITY,origin.list,2022-10-30 10:07:31.427033
9567.yt,AVAILABILITY,origin.list,2022-10-30 10:07:37.407813
9650.yt,AVAILABILITY,origin.list,2022-10-30 10:07:41.079889
9652.yt,AVAILABILITY,origin.list,2022-10-30 10:07:41.515325
9683.yt,AVAILABILITY,origin.list,2022-10-30 10:07:45.658921
9711.yt,AVAILABILITY,origin.list,2022-10-30 10:07:46.476677
9708.yt,AVAILABILITY,origin.list,2022-10-30 10:07:46.907122
9759.yt,AVAILABILITY,origin.list,2022-10-30 10:07:50.689977
9798.yt,AVAILABILITY,origin.list,2022-10-30 10:07:53.644489
9816.yt,AVAILABILITY,origin.list,2022-10-30 10:07:54.263426
9835.yt,AVAILABILITY,origin.list,2022-10-30 10:07:55.587553
9843.yt,AVAILABILITY,origin.list,2022-10-30 10:07:56.687355
9908.yt,AVAILABILITY,origin.list,2022-10-30 10:07:59.535404
9915.yt,AVAILABILITY,origin.list,2022-10-30 10:08:03.673905
9925.yt,AVAILABILITY,origin.list,2022-10-30 10:08:06.654005
99447.yt,AVAILABILITY,origin.list,2022-10-30 10:08:08.150645
9986.yt,AVAILABILITY,origin.list,2022-10-30 10:08:10.683604
9992.yt,AVAILABILITY,origin.list,2022-10-30 10:08:12.171275
99966.yt,AVAILABILITY,origin.list,2022-10-30 10:08:13.476816
9998.yt,AVAILABILITY,origin.list,2022-10-30 10:08:13.585307
aareal-bank.fr,AVAILABILITY,origin.list,2022-10-30 10:08:16.050787
abonnement-france-secures.fr,AVAILABILITY,origin.list,2022-10-30 10:08:19.784677
abonnement-secures.fr,AVAILABILITY,origin.list,2022-10-30 10:08:20.831102
abonnement-verif.fr,AVAILABILITY,origin.list,2022-10-30 10:08:21.327931
ac-ameli.fr,AVAILABILITY,origin.list,2022-10-30 10:08:27.643753
acbordeauxclient.fr,AVAILABILITY,origin.list,2022-10-30 10:08:29.071427
acceprivee-moncompte.fr,AVAILABILITY,origin.list,2022-10-30 10:08:30.014085
acces-ameli.fr,AVAILABILITY,origin.list,2022-10-30 10:08:30.536839
acces-voscompte.fr,AVAILABILITY,origin.list,2022-10-30 10:08:32.662864
acceuil-caf.fr,AVAILABILITY,origin.list,2022-10-30 10:08:32.909446
accountameli.fr,AVAILABILITY,origin.list,2022-10-30 10:08:35.471904
account-netlfix.fr,AVAILABILITY,origin.list,2022-10-30 10:08:38.802245
accueil-sg.fr,AVAILABILITY,origin.list,2022-10-30 10:08:52.738617
acheminement-chronopost.fr,AVAILABILITY,origin.list,2022-10-30 10:08:55.968320
ac-matrinique.fr,AVAILABILITY,origin.list,2022-10-30 10:08:58.199488
ac-strasboourg.fr,AVAILABILITY,origin.list,2022-10-30 10:09:01.741045
acsentia.fr,AVAILABILITY,origin.list,2022-10-30 10:09:01.840979
action-ca.fr,AVAILABILITY,origin.list,2022-10-30 10:09:02.169505
action-requise.fr,AVAILABILITY,origin.list,2022-10-30 10:09:03.071233
activate-cvitale.fr,AVAILABILITY,origin.list,2022-10-30 10:09:03.160940
activation-abonnements.fr,AVAILABILITY,origin.list,2022-10-30 10:09:03.820549
activation-ameli.fr,AVAILABILITY,origin.list,2022-10-30 10:09:04.200611
activation-authentification.fr,AVAILABILITY,origin.list,2022-10-30 10:09:04.303356
activation-certicode.fr,AVAILABILITY,origin.list,2022-10-30 10:09:05.052637
activation-cvitale.fr,AVAILABILITY,origin.list,2022-10-30 10:09:05.358441
activation-dsp2.fr,AVAILABILITY,origin.list,2022-10-30 10:09:06.165887
activationdsp2.fr,AVAILABILITY,origin.list,2022-10-30 10:09:06.410797
activation-mabanque-bnpparibas.fr,AVAILABILITY,origin.list,2022-10-30 10:09:06.513268
activation-pass-securite.fr,AVAILABILITY,origin.list,2022-10-30 10:09:07.633924
activation-secure-pass.fr,AVAILABILITY,origin.list,2022-10-30 10:09:08.520968
activation-securi-code.fr,AVAILABILITY,origin.list,2022-10-30 10:09:08.595838
actualisation-carte.fr,AVAILABILITY,origin.list,2022-10-30 10:09:13.118388
actualisation-cartes.fr,AVAILABILITY,origin.list,2022-10-30 10:09:13.722533
activationsecure.fr,AVAILABILITY,origin.list,2022-10-30 10:09:14.220468
actualisation-ma-carte.fr,AVAILABILITY,origin.list,2022-10-30 10:09:14.367864
actu-ameli.fr,AVAILABILITY,origin.list,2022-10-30 10:09:16.285011
actualisation-ma-carte-vitale.fr,AVAILABILITY,origin.list,2022-10-30 10:09:16.811997
actualisation-moncompteformation.fr,AVAILABILITY,origin.list,2022-10-30 10:09:16.927848
administration-impotgouv.fr,AVAILABILITY,origin.list,2022-10-30 10:09:23.079014
afacebook.fr,AVAILABILITY,origin.list,2022-10-30 10:09:30.299338
aide-ameli.fr,AVAILABILITY,origin.list,2022-10-30 10:09:39.779154
aider-caf.fr,AVAILABILITY,origin.list,2022-10-30 10:09:43.797937
aides-ameli.fr,AVAILABILITY,origin.list,2022-10-30 10:09:45.113551
aide-support-paiement.fr,AVAILABILITY,origin.list,2022-10-30 10:09:46.425531
aide-vitale-compte.fr,AVAILABILITY,origin.list,2022-10-30 10:09:46.601788
aide-support.fr,AVAILABILITY,origin.list,2022-10-30 10:09:46.692832
aide-vitales-renew.fr,AVAILABILITY,origin.list,2022-10-30 10:09:47.013202
airafrance.fr,AVAILABILITY,origin.list,2022-10-30 10:09:48.043312
airbnb-engagement.fr,AVAILABILITY,origin.list,2022-10-30 10:09:48.294930
airbnb-paiement.fr,AVAILABILITY,origin.list,2022-10-30 10:09:49.413185
airbnb-rappel.fr,AVAILABILITY,origin.list,2022-10-30 10:09:49.780865
air-certificat.fr,AVAILABILITY,origin.list,2022-10-30 10:09:52.170270
airdrance.fr,AVAILABILITY,origin.list,2022-10-30 10:09:52.384215
airfrarnce.fr,AVAILABILITY,origin.list,2022-10-30 10:09:52.598782
airfreance.fr,AVAILABILITY,origin.list,2022-10-30 10:09:52.807896
airfrqnce.fr,AVAILABILITY,origin.list,2022-10-30 10:09:53.207528
airsfrance.fr,AVAILABILITY,origin.list,2022-10-30 10:09:54.845401
alerte-mise-a-jour-labanquepostale.fr,AVAILABILITY,origin.list,2022-10-30 10:10:00.725542
alerte-paypal.fr,AVAILABILITY,origin.list,2022-10-30 10:10:00.914303
alertes-securite.fr,AVAILABILITY,origin.list,2022-10-30 10:10:01.957646
aliexpress.wf,AVAILABILITY,origin.list,2022-10-30 10:10:06.364874
alphardgolf.fr,AVAILABILITY,origin.list,2022-10-30 10:10:13.589461
almaria.fr,AVAILABILITY,origin.list,2022-10-30 10:10:13.850253
alzy.fr,AVAILABILITY,origin.list,2022-10-30 10:10:14.158521
alphlauren.fr,AVAILABILITY,origin.list,2022-10-30 10:10:14.217860
am-ameli.fr,AVAILABILITY,origin.list,2022-10-30 10:10:14.738066
amayaresorts.fr,AVAILABILITY,origin.list,2022-10-30 10:10:15.454720
amazon-securite.fr,AVAILABILITY,origin.list,2022-10-30 10:10:23.028542
am-cartevital.fr,AVAILABILITY,origin.list,2022-10-30 10:10:26.216950
am-cartevitale.fr,AVAILABILITY,origin.list,2022-10-30 10:10:26.236778
ameeli-france.fr,AVAILABILITY,origin.list,2022-10-30 10:10:27.158552
ameii-assurance.fr,AVAILABILITY,origin.list,2022-10-30 10:10:27.757395
ameii-assurance-maladie.fr,AVAILABILITY,origin.list,2022-10-30 10:10:29.947593
ameii-france.fr,AVAILABILITY,origin.list,2022-10-30 10:10:35.210197
ameiie.fr,AVAILABILITY,origin.list,2022-10-30 10:10:36.901274
ameli-2022cartevitale.fr,AVAILABILITY,origin.list,2022-10-30 10:10:37.086213
ameli-2022.fr,AVAILABILITY,origin.list,2022-10-30 10:10:37.103561
ameil-frgouv.fr,AVAILABILITY,origin.list,2022-10-30 10:10:37.142261
ameli2022-info.fr,AVAILABILITY,origin.list,2022-10-30 10:10:37.158108
ameliacartevitale.fr,AVAILABILITY,origin.list,2022-10-30 10:10:38.188283
ameli-acces.fr,AVAILABILITY,origin.list,2022-10-30 10:10:38.357861
ameli-acheminement.fr,AVAILABILITY,origin.list,2022-10-30 10:10:38.389647
ameli-accompagnement.fr,AVAILABILITY,origin.list,2022-10-30 10:10:38.500400
ameli-acpam.fr,AVAILABILITY,origin.list,2022-10-30 10:10:39.464242
ameliaclient.fr,AVAILABILITY,origin.list,2022-10-30 10:10:39.582101
ameli-activation.fr,AVAILABILITY,origin.list,2022-10-30 10:10:39.735289
ameli-actualisation-maladie.fr,AVAILABILITY,origin.list,2022-10-30 10:10:39.887784
ameli-actualisation-sante.fr,AVAILABILITY,origin.list,2022-10-30 10:10:40.535853
ameli-app.fr,AVAILABILITY,origin.list,2022-10-30 10:10:41.158372
ameliapp.fr,AVAILABILITY,origin.list,2022-10-30 10:10:41.724854
ameli-asssurance.fr,AVAILABILITY,origin.list,2022-10-30 10:10:41.707050
ameli-assurance-cartevitale.fr,AVAILABILITY,origin.list,2022-10-30 10:10:45.451538
ameliassurance-france.fr,AVAILABILITY,origin.list,2022-10-30 10:10:49.690479
ameli-assurance-catrevitale.fr,AVAILABILITY,origin.list,2022-10-30 10:10:50.598200
ameli-assurance-france.fr,AVAILABILITY,origin.list,2022-10-30 10:10:50.713311
ameli-assurance-maladie-secure.fr,AVAILABILITY,origin.list,2022-10-30 10:10:51.687154
ameli-assurance-renouv.fr,AVAILABILITY,origin.list,2022-10-30 10:10:51.737864
ameli-assurancemaldie-secure.fr,AVAILABILITY,origin.list,2022-10-30 10:10:51.793245
ameli-assurance-secure.fr,AVAILABILITY,origin.list,2022-10-30 10:10:52.022627
ameliassurances.fr,AVAILABILITY,origin.list,2022-10-30 10:10:55.607651
ameli-assurance-vie.fr,AVAILABILITY,origin.list,2022-10-30 10:10:57.681608
ameli-assurances-vitales.fr,AVAILABILITY,origin.list,2022-10-30 10:10:57.705518
ameli-assurancevitale.fr,AVAILABILITY,origin.list,2022-10-30 10:10:59.886295
ameli-assurance-vital.fr,AVAILABILITY,origin.list,2022-10-30 10:10:59.941938
ameli-assure-cartevitale.fr,AVAILABILITY,origin.list,2022-10-30 10:10:59.946756
ameli-assurance-vitale.fr,AVAILABILITY,origin.list,2022-10-30 10:11:02.124863
ameli-assurance-vitales.fr,AVAILABILITY,origin.list,2022-10-30 10:11:04.280594
ameli-assure-sante.fr,AVAILABILITY,origin.list,2022-10-30 10:11:05.354570
ameli-assu-renouv.fr,AVAILABILITY,origin.list,2022-10-30 10:11:05.434656
ameli--assure.fr,AVAILABILITY,origin.list,2022-10-30 10:11:05.533465
ameli-assure-vitale.fr,AVAILABILITY,origin.list,2022-10-30 10:11:06.499364
ameli-assurevitale.fr,AVAILABILITY,origin.list,2022-10-30 10:11:06.601461
ameli-assur-france.fr,AVAILABILITY,origin.list,2022-10-30 10:11:06.774196
ameli-assurevital.fr,AVAILABILITY,origin.list,2022-10-30 10:11:07.373060
ameli-assurvitale.fr,AVAILABILITY,origin.list,2022-10-30 10:11:07.902744
ameli-asure.fr,AVAILABILITY,origin.list,2022-10-30 10:11:08.117919
ameli-au.fr,AVAILABILITY,origin.list,2022-10-30 10:11:08.642618
ameli-auth-carte.fr,AVAILABILITY,origin.list,2022-10-30 10:11:09.008865
ameli-authentification.fr,AVAILABILITY,origin.list,2022-10-30 10:11:09.095611
ameliauth.fr,AVAILABILITY,origin.list,2022-10-30 10:11:09.426314
ameli-carteformulaire.fr,AVAILABILITY,origin.list,2022-10-30 10:11:09.930641
amelicarteformulaire.fr,AVAILABILITY,origin.list,2022-10-30 10:11:10.368612
amelicarte.fr,AVAILABILITY,origin.list,2022-10-30 10:11:10.833521
ameli-carterenouvellement.fr,AVAILABILITY,origin.list,2022-10-30 10:11:11.209147
ameli-carte-renouvellements.fr,AVAILABILITY,origin.list,2022-10-30 10:11:11.732605
ameli-cartes-vitale.fr,AVAILABILITY,origin.list,2022-10-30 10:11:12.072181
amelicartes.fr,AVAILABILITY,origin.list,2022-10-30 10:11:12.171071
ameli-cartesvitale.fr,AVAILABILITY,origin.list,2022-10-30 10:11:12.513977
ameli-cartes-vitales.fr,AVAILABILITY,origin.list,2022-10-30 10:11:12.878489
ameli-carte-v3.fr,AVAILABILITY,origin.list,2022-10-30 10:11:13.285946
ameli-cartevitale-enligne.fr,AVAILABILITY,origin.list,2022-10-30 10:11:13.447347
amelicarte-vitale.fr,AVAILABILITY,origin.list,2022-10-30 10:11:13.744974
amelicartevitale.fr,AVAILABILITY,origin.list,2022-10-30 10:11:14.202135
ameli-cartevitale-info.fr,AVAILABILITY,origin.list,2022-10-30 10:11:14.720450
ameli-carte-vitale-renouvellement.fr,AVAILABILITY,origin.list,2022-10-30 10:11:15.120758
ameli-cartevitale-renouvellement.fr,AVAILABILITY,origin.list,2022-10-30 10:11:15.341860
ameli-carte-vitales.fr,AVAILABILITY,origin.list,2022-10-30 10:11:15.400799
ameli-cartevitalev3.fr,AVAILABILITY,origin.list,2022-10-30 10:11:15.940642
